id,lat,lon,Target
ID_odCit,7.53748179393571,-2.22703668004409,0
ID_EDbw4,5.8908606,-1.4145814,1
ID_hsuRX,5.954670357968209,-2.434826622613179,0
ID_dF6PR,5.652158,-1.4812802,1
ID_rOjX0,6.350355408530047,-1.848307939758279,0
ID_I1ZYh,6.199438,-0.882491,1
ID_YEra0,6.523368727956638,-1.190491977816097,0
ID_2MVeB,5.8867764,-1.4302186,1
ID_sYtWh,6.863417655871975,-1.310187737844096,0
ID_dVzI6,5.4725733,-1.5374693,1
ID_nwgXA,7.539519041959304,-2.220402103693369,0
ID_c4wEM,5.8906584,-1.4158218,1
ID_cR8w2,6.799522531662098,-0.839891853263832,0
ID_f851w,5.6569176,-1.4951792,1
ID_foxFy,5.132996724944805,-2.156870357701828,0
ID_kCUPj,5.8877783,-1.4320138,1
ID_ZlvTM,6.29338721237378,-1.047890573766941,0
ID_GGpif,6.208983,-0.87753713,1
ID_XPSH9,5.265334056395496,-2.327361450990543,0
ID_TWHqG,5.6440387,-1.4765123,1
ID_UhQDq,7.942724121427796,-1.759765349061468,0
ID_ywbka,5.6364965,-1.4970783,1
ID_khrZf,10.024894119747366,-0.672488810191423,0
ID_ZkBfe,5.464175,-1.5338036,1
ID_IapiY,6.04370397566254,-1.433224672626277,0
ID_6fLZS,5.6344285,-1.4977924,1
ID_s5wa7,6.478458730760305,-0.532463947521785,0
ID_ZvchF,5.4775424,-1.5422659,1
ID_wqGhG,6.35619231714926,-1.859487010250809,0
ID_gQilE,5.666565,-1.493631,1
ID_QfvSj,5.104928982528437,-1.790210706885715,0
ID_IKGEV,5.892481,-1.3987052,1
ID_CEWVJ,7.273021048047935,-1.508366545293512,0
ID_UWXx3,5.8896346,-1.4260466,1
ID_hqeNK,8.848769244699598,-0.215500070065628,0
ID_NnPdv,6.1960073,-0.87644833,1
ID_dlxB8,9.779120000601138,-2.399448306066906,0
ID_BwQBR,5.6686506,-1.4865422,1
ID_pZtKI,6.275600183820456,0.02235166282705,0
ID_TT6OB,5.893702,-1.3982875,1
ID_Heppk,5.756324487868004,-0.932267178553017,0
ID_R9v6H,5.892234,-1.4040953,1
ID_eVl2I,5.533655966717986,-2.369721415340555,0
ID_niT0Q,6.2031674,-0.8737211,1
ID_eUEAO,6.465512976857481,-0.972785134493833,0
ID_1Z8cG,6.1792545,-0.6616201,1
ID_Cc4Ok,6.317089657571016,-1.438515883752524,0
ID_SgKYj,6.2056055,-0.87654793,1
ID_bYXkw,7.446506674168129,-2.233397538444562,0
ID_gDhOf,5.666952,-1.4793265,1
ID_MYpZx,7.292774490208182,-1.346293102794429,0
ID_Z7YaJ,6.2038994,-0.88094896,1
ID_os9gB,10.264380757127142,-2.12583898539997,0
ID_3ap5o,5.6538687,-1.4845605,1
ID_OcSTH,7.206883680932815,-1.688608606435829,0
ID_8Aeru,5.6507106,-1.4799436,1
ID_xTg8J,5.619922486586316,-1.90778773446222,0
ID_PYWnF,5.6566925,-1.4787927,1
ID_79w6k,5.432696118497478,-2.281178586265601,0
ID_Nugs6,5.650442,-1.4796742,1
ID_bDiFK,6.677129654128435,-2.070275514422173,0
ID_2RqCO,5.65084,-1.4827076,1
ID_AsgLh,11.03679437490208,-0.32582660832183,0
ID_JTgDK,5.6502137,-1.4820788,1
ID_XlH2n,7.360161741978079,-2.043890212662702,0
ID_4g7Ub,5.647548,-1.4856151,1
ID_80HWq,9.054615897680169,-1.525587323871054,0
ID_xiK39,5.660629,-1.4882709,1
ID_YXjwp,8.567142457488297,-2.265807647160701,0
ID_aEfAG,5.468505,-1.5373458,1
ID_4NBRs,7.686932710594782,0.434753921729827,0
ID_lzPHi,6.1960964,-0.87653816,1
ID_lHPn9,8.701455816412109,-1.87491087252123,0
ID_HRYuS,5.65705,-1.479152,1
ID_IYqBd,5.519740402060037,-1.278466099756825,0
ID_K0MU4,5.6560693,-1.480847,1
ID_zEuRI,6.660571919654648,0.454404405607506,0
ID_dltSA,5.656782,-1.4788826,1
ID_548Cp,6.174453620681887,-0.993121963555015,0
ID_Obpsn,5.6351895,-1.4958918,1
ID_KJL8J,9.123980758757217,-1.7574558008484,0
ID_YODD4,6.19565,-0.87608904,1
ID_OIzDZ,6.98263760119683,-1.199507708678826,0
ID_qIH1Y,5.6661525,-1.4876406,1
ID_fwK08,6.324185050846423,-2.407136034486981,0
ID_TasDr,6.208485,-0.88998514,1
ID_ycbR0,5.978129231264319,-2.671282169310077,0
ID_kCEpi,5.890151,-1.4169154,1
ID_oU3L7,5.19350438222203,-2.168271440155405,0
ID_nkRsn,6.17854,-0.6609014,1
ID_vMUMu,6.835870533594481,0.238924541743752,0
ID_TOabt,5.4779563,-1.5390737,1
ID_70qer,6.197871022513323,-0.953198283382233,0
ID_TrU6N,5.891599,-1.42901,1
ID_bh9Rb,5.820686740589759,-2.002460114410417,0
ID_b7XAY,5.65369,-1.4843808,1
ID_OXMGu,9.662215815186224,-2.101088755673509,0
ID_LPpss,5.6405253,-1.4785335,1
ID_beDVe,7.07700207880107,-1.755065017760295,0
ID_A1riX,6.2059627,-0.8769072,1
ID_0hOl6,7.610291673088209,-2.192458750819763,0
ID_RWG7O,6.2067227,-0.8761636,1
ID_OpbpF,10.907166410462144,-2.48704053156486,0
ID_qsR9e,5.635458,-1.4961613,1
ID_bUYml,5.705242916046728,-2.593698758392863,0
ID_d76Uj,5.4708447,-1.5382158,1
ID_SyQ3k,6.623505052804368,-2.259021339022458,0
ID_0AEp4,6.1977844,-0.88415194,1
ID_xXv7N,6.468234527542854,0.435133346385172,0
ID_w6C9G,5.653669,-1.4904264,1
ID_NNpxF,10.888224042149632,-1.894774853609413,0
ID_7YJyf,5.651997,-1.4910088,1
ID_L1stY,11.026228704531045,-0.301518506137336,0
ID_CkVhJ,5.6685615,-1.4864525,1
ID_sNOBU,6.593507414077491,-0.327907717599754,0
ID_wpmjE,5.6521387,-1.4904048,1
ID_xcgwr,10.523639583417884,-1.744548084072092,0
ID_GFBRH,5.4768977,-1.539969,1
ID_0ogmJ,7.129943822361764,-1.901556206427402,0
ID_1gw68,6.1981487,-0.8768692,1
ID_eEPxX,6.372651414250634,-3.040289390650299,0
ID_if6nn,5.65928,-1.487673,1
ID_79thg,7.138232628446965,-1.267870539040881,0
ID_Yqj8C,5.653401,-1.490157,1
ID_VdFBu,5.630203956786947,-0.516125084813151,0
ID_Vq8FW,6.196026,-0.8754835,1
ID_7xox5,10.898175158506676,-1.906539269431738,0
ID_VLazG,5.889295,-1.4000907,1
ID_AajTx,6.921190374384496,-1.953697662784257,0
ID_GIjic,5.6668334,-1.4939005,1
ID_pArcB,9.712463587067305,-2.112279628117624,0
ID_7OhCR,5.652049,-1.4903151,1
ID_uC7lo,6.483032654817304,-1.052394557897836,0
ID_ZXcvL,5.4672318,-1.5278237,1
ID_Ev8fF,6.1333427053336,-0.936173379250826,0
ID_ZmkSS,5.895859,-1.3994586,1
ID_Cdv4A,9.531061866516776,-1.928035816648895,0
ID_kSL3v,5.6564264,-1.4789555,1
ID_cOPWZ,6.312831051460639,-2.287265318667225,0
ID_OaqQE,5.6563373,-1.4811164,1
ID_OVkto,10.361373645709373,-1.256986974227345,0
ID_9yav9,5.463728,-1.5333544,1
ID_ipfnI,5.772352075415279,-1.077190213736598,0
ID_jllzX,5.648861,-1.4856644,1
ID_j8qyL,7.319513851993124,-1.939065064831281,0
ID_7gJEx,5.658922,-1.4873136,1
ID_wNhMs,6.693271330179566,0.490609663625768,0
ID_sSQIu,5.4754176,-1.5395132,1
ID_bEa1I,5.556488569599153,-1.887613257392765,0
ID_0rd4l,5.652813,-1.4797285,1
ID_QfE5X,5.561594444561499,-1.041854228232059,0
ID_5dMFb,5.659234,-1.4883641,1
ID_uXY1u,10.899810440904911,-1.757697253667522,0
ID_kUenC,5.8914204,-1.4288304,1
ID_bvrSh,6.922057160662448,-1.30144986286378,0
ID_X0hjO,5.4723077,-1.5379674,1
ID_VxGmb,10.836442490239232,-1.427495367164425,0
ID_xopBF,6.2035747,-0.881449,1
ID_h59Mh,6.121108223480868,-0.938074501700381,0
ID_kqp3z,6.209768,-0.8767587,1
ID_8wZSn,5.925906210657982,0.04613946533704,0
ID_q0aF8,5.4647117,-1.5334238,1
ID_jSPGC,7.11455778116992,-1.277392512523809,0
ID_cRXJT,5.89612,-1.4001539,1
ID_J9zU1,6.235418500091607,-1.446775734429841,0
ID_ouGgt,5.897293,-1.4001555,1
ID_aHxpg,7.7561594633341,-1.737096815031156,0
ID_MCPZJ,5.893345,-1.3979282,1
ID_GJFgh,7.01245243716689,-1.186245312711325,0
ID_HIUA4,5.8960304,-1.4000641,1
ID_3zNlV,5.777939318516107,-1.739065854310548,0
ID_iugpm,5.6362286,-1.4968089,1
ID_n1FcX,6.274350194949386,-1.332278549963114,0
ID_C6yHP,5.6486425,-1.4780197,1
ID_MXsUC,9.84952655798094,-0.239236640602396,0
ID_dfpff,5.4767265,-1.5390259,1
ID_dYGFh,6.456936203912668,-0.53381505876787,0
ID_Vjijz,5.640704,-1.4787132,1
ID_FNBES,6.021082053066912,-1.701547098216496,0
ID_C5tcT,5.6485534,-1.4779298,1
ID_oyi7V,5.42603638801472,-0.730679494487517,0
ID_T3hKt,6.210967,-0.8769045,1
ID_8hQY0,5.803331741946131,-1.687073056195203,0
ID_NpiKW,5.4642587,-1.537928,1
ID_1SDkC,5.701868202091949,-2.878932071339189,0
ID_xZXI4,5.8909736,-1.4283812,1
ID_qZ8ay,7.842004865540984,0.565865210664423,0
ID_PteDx,5.8958783,-1.3989338,1
ID_zqxmG,6.675891598824232,0.458084285570124,0
ID_Drld9,5.476369,-1.5386665,1
ID_Bfsgw,5.378918856987654,-2.557372468238871,0
ID_rBR00,5.89024,-1.4170052,1
ID_PW7ka,6.659800546337923,-2.983277316171109,0
ID_gTjhY,5.8972955,-1.4011168,1
ID_FY5ya,6.949298847386702,-1.171065762215743,0
ID_q56Sf,5.6665487,-1.4795475,1
ID_upwdi,5.651785194812989,-2.37991795888384,0
ID_vLCEk,6.2044578,-0.88232416,1
ID_eo4NJ,6.31399555420239,-0.088024981689334,0
ID_ElewF,5.6490397,-1.485844,1
ID_wbqss,10.373899175325048,-1.264926650947312,0
ID_b5S4r,5.892478,-1.4150499,1
ID_0GJXq,6.308697197412342,-1.242980312320277,0
ID_bgpfG,5.6561236,-1.4831978,1
ID_MA1bm,10.94673683048097,-1.099789421324637,0
ID_SfxfN,5.8932047,-1.4218531,1
ID_cKObe,6.2807463304822,-3.155780417723606,0
ID_z2UW6,5.6511927,-1.4902003,1
ID_0TYmV,5.831310802289484,-1.961661418309583,0
ID_J2n5n,5.8964915,-1.4003084,1
ID_5i3pM,6.294039193438802,-1.300219294963807,0
ID_XH1lt,5.6443067,-1.4767817,1
ID_xSsQD,7.071669020333098,-2.732331152995835,0
ID_XVvDu,6.1920905,-0.87466884,1
ID_XOqAX,6.366612541722882,-1.133523038320859,0
ID_77EoA,6.205006,-0.77965766,1
ID_a8hFq,6.520707133571512,-3.094272128218586,0
ID_Tm9Et,6.2076445,-0.8777832,1
ID_89ynl,7.033431520440689,-1.577812434412689,0
ID_8YFFL,5.4813404,-1.5387671,1
ID_ALZhz,5.692103095195361,-0.536492061310876,0
ID_AoBVp,5.892034,-1.3982561,1
ID_WQATa,7.063508155383224,-1.592705234291737,0
ID_jWCRv,5.650661,-1.482528,1
ID_586lF,5.525274372969147,-1.226918269192756,0
ID_OU9sr,5.890926,-1.3965875,1
ID_ZyuCw,6.898196935933492,-1.288597373655708,0
ID_glsBd,6.203485,-0.88135916,1
ID_8xlaR,5.164885111372728,-2.179471910126762,0
ID_kN2Xh,5.6654906,-1.4868858,1
ID_QxgrR,11.00801893078262,-0.199964778779709,0
ID_5HW7u,6.210036,-0.87702817,1
ID_DfeH3,5.466382143814798,-1.348857674191635,0
ID_mmO0z,5.481316,-1.5365853,1
ID_lQWNO,5.748698211581029,-1.88933123317293,0
ID_smAno,5.4674106,-1.5280033,1
ID_PcD1C,6.415467303108255,0.472801137604235,0
ID_gNb7V,5.4677877,-1.5388176,1
ID_PGLlD,6.597428674644587,-1.902474589366646,0
ID_xk7vS,5.891331,-1.4331702,1
ID_cNZvd,10.930931051670498,-1.761004307337386,0
ID_xcgOA,5.656961,-1.4790622,1
ID_SfaAA,5.665604834014731,-2.623860667520195,0
ID_QePPM,5.476312,-1.5404116,1
ID_Z6Cog,10.917219742313566,-2.701658611828846,0
ID_REo6Z,6.2052255,-0.88204986,1
ID_8vXBO,6.963151695527711,-1.967043702800714,0
ID_BKMHv,5.8952317,-1.4014195,1
ID_ubL7s,6.588969185845694,-1.938976527913307,0
ID_RxNxm,5.6683826,-1.4862728,1
ID_UFkwN,7.518695389235978,-2.207404916394561,0
ID_yey6D,5.4691863,-1.5368767,1
ID_ambrj,10.95361810756638,-1.510601421629886,0
ID_3UwMe,5.648732,-1.4781096,1
ID_5bRvR,5.153899152073988,-2.04596406356728,0
ID_7mkbv,5.478975,-1.5388795,1
ID_qVIl8,10.838091612737662,-2.72328231858234,0
ID_kDVgV,5.890682,-1.4144018,1
ID_9C9cX,5.498470660100056,-1.363251708367513,0
ID_cnyT9,5.8965807,-1.4003983,1
ID_5U5Tz,6.215117736302377,-0.590935268519059,0
ID_oJdNs,5.480893,-1.5383179,1
ID_wFqbv,6.024209107166825,-2.470894038068286,0
ID_Ev9gi,5.660182,-1.4878217,1
ID_nLcZp,5.842055535459139,-1.83990317426557,0
ID_WWSGT,5.46743,-1.5384582,1
ID_ocFN2,5.617501186156873,-2.658361149227603,0
ID_A1KfM,6.204958,-0.8817804,1
ID_5Ybfm,5.585363794950024,-2.415445787219522,0
ID_uhY7N,6.2036138,-0.87417024,1
ID_VvaXz,7.575851300636086,-2.599156317313537,0
ID_luA1X,5.8845067,-1.3993665,1
ID_4SN8O,5.30673965861361,-1.887557142459801,0
ID_EAOLU,5.6663704,-1.4793679,1
ID_cpIsJ,6.290638343639343,-1.228281989462465,0
ID_pPWtj,5.891772,-1.4152272,1
ID_phX4F,7.140162183385805,-1.844669696906978,0
ID_qb5MF,5.4790645,-1.5389694,1
ID_4tqVT,6.671793263741677,-0.995767185995199,0
ID_LRXkZ,5.4703083,-1.5376768,1
ID_9WlO6,11.073355293441308,-0.312276362811337,0
ID_GXE5j,5.8951426,-1.4013298,1
ID_LuZDg,6.879567183534724,-2.97738418874179,0
ID_NNyoB,5.892502,-1.4043648,1
ID_jG5wC,6.523117982121509,-1.922872935257653,0
ID_U3Pep,6.210393,-0.87738746,1
ID_VaHsf,6.232138720053418,0.062424930761218,0
ID_wHmBI,5.8929367,-1.4215837,1
ID_PLOPU,5.863322749693864,-1.090460820792555,0
ID_a2Q0A,5.474932,-1.5374548,1
ID_a9dYM,5.488286681666556,-1.347258975589462,0
ID_8MeNm,6.195847,-0.87530386,1
ID_YTblJ,6.181188745694031,-0.961460553344827,0
ID_XpHD7,5.6450105,-1.4772686,1
ID_ysFOe,6.373729442173818,-1.036433698345728,0
ID_KV5CO,5.883841,-1.398615,1
ID_tyqZn,10.858706345073934,-1.883067750951079,0
ID_UotiM,5.6673536,-1.4875047,1
ID_tx0JZ,5.440654604412499,-1.877854998290175,0
ID_AkZXW,5.4762793,-1.5385767,1
ID_Ie0wG,6.310173727155846,-1.227859848657247,0
ID_Dv2KR,5.643689,-1.4781935,1
ID_SdJFA,5.587640670956184,-1.070204483069564,0
ID_kPA4y,6.2275825,-0.8167197,1
ID_1OmkG,6.909975068925654,-1.180843164142303,0
ID_Nu92U,5.6599307,-1.4809783,1
ID_hBw5s,5.6203659905445,-1.8791628748384,0
ID_grbbz,5.8894362,-1.4161967,1
ID_0EH9O,6.246615491037388,-0.006282509666303,0
ID_8VXhV,5.4798694,-1.5397779,1
ID_SbOdJ,5.845342182654667,-2.276877026418287,0
ID_jfPxy,5.8968487,-1.4006677,1
ID_i907r,11.086119957791263,-0.318367037302798,0
ID_xcPaJ,5.4784775,-1.5398147,1
ID_2bLz3,5.984715636974185,-2.740057725710682,0
ID_gnwHJ,5.46922,-1.5380644,1
ID_M1sJS,6.697938652666312,-2.122550449030107,0
ID_uUEKE,6.20469,-0.88151085,1
ID_Xpep2,6.884136391649111,-2.648681449719739,0
ID_gC1N2,5.6629496,-1.485341,1
ID_YTGOw,6.69401579862059,-1.284059036380831,0
ID_DFMMH,5.657957,-1.495329,1
ID_JBG1R,5.300942643134197,-1.54171744323661,0
ID_tBVR0,5.6507998,-1.4800335,1
ID_Amy51,8.779041184574478,-0.15262722530155,0
ID_NWkwS,5.8875995,-1.431834,1
ID_nFteM,6.961321530860765,-1.985109927584237,0
ID_kVce1,5.8957624,-1.3997946,1
ID_iS83i,6.62409949827282,-1.903586513439762,0
ID_eHclZ,5.6493974,-1.4862033,1
ID_m4Gse,6.403804323307038,0.508691034279737,0
ID_IzMTm,5.470487,-1.5378565,1
ID_ACBzF,5.956750273698295,-2.675714642185242,0
ID_FIgmx,6.2282968,-0.81743836,1
ID_4BHfo,6.328978060308217,-0.043043892646359,0
ID_Fl74z,5.4763613,-1.5394299,1
ID_i5Tat,9.791749778202332,-2.386130741425322,0
ID_51cZo,5.6481953,-1.4857,1
ID_GHFZV,5.613919016501263,-1.814261152112245,0
ID_AapII,6.1924477,-0.87502813,1
ID_GkEP5,6.613397192589564,-3.073536265197084,0
ID_jhA40,5.8903904,-1.4155523,1
ID_ohTYt,10.8826105601694,-1.188166029001199,0
ID_BTvuz,5.634876,-1.4982415,1
ID_SWsi5,6.574257895127504,-1.958414254231409,0
ID_TyNK4,5.8931155,-1.4217633,1
ID_MN6bw,6.872994150392615,-1.990396364077081,0
ID_jZlIB,5.6676674,-1.4855541,1
ID_3lpmx,5.929834027151462,-1.130273746839901,0
ID_RS7ip,6.203396,-0.8812693,1
ID_kUliK,5.648430185548444,-1.158814996279594,0
ID_79X3G,5.4806247,-1.5380484,1
ID_vJTjm,6.212108851418771,-2.798217952165895,0
ID_1Me4K,5.893255,-1.3978384,1
ID_pQmJz,7.202897572383233,0.405952298381797,0
ID_y8Fh8,5.464175,-1.5328848,1
ID_YyjUe,6.731291915521886,-0.966275080960791,0
ID_9Q8uf,5.650192,-1.4886379,1
ID_EdTcE,6.291286920979967,-1.05338532063123,0
ID_goolF,6.207292,-0.8754096,1
ID_6umU4,5.272931744786135,-2.628286610194763,0
ID_C3gFC,6.2080564,-0.87710524,1
ID_0vyQ7,5.643757060113744,-2.405438068465146,0
ID_qRW62,5.6496863,-1.4857739,1
ID_3ie8C,7.174170685322678,0.409142361654625,0
ID_cDGEe,5.896656,-1.4006929,1
ID_hklPa,7.113877603527959,-2.607253518505532,0
ID_uWUh4,5.890569,-1.4157319,1
ID_WHxwB,7.185438252132296,-1.795549980657702,0
ID_vLRzo,5.4753284,-1.5394233,1
ID_Px5rb,6.715889458973291,-2.659258756373079,0
ID_JIjc3,5.6588326,-1.4872239,1
ID_6Bqsz,6.138877844569691,-1.246105188887879,0
ID_2kKGF,5.888149,-1.419327,1
ID_JmNyd,9.200597846383422,-2.256276605976314,0
ID_L0LD8,6.203874,-0.87461865,1
ID_HmQ9Q,5.126025470675337,-2.376238160630375,0
ID_iQEBF,6.207823,-0.8779628,1
ID_khrRg,10.077727072507424,-0.729726376385483,0
ID_4wItd,5.6600924,-1.4877319,1
ID_e7dF0,7.864166949265966,-1.84969987911949,0
ID_URuTV,5.6472797,-1.4853456,1
ID_4vHfF,6.787927979812508,0.512389822490768,0
ID_ZgxoQ,5.6572585,-1.4845285,1
ID_Dwd8m,9.11885703599681,-1.787670500657734,0
ID_8HS0a,5.4672513,-1.5382786,1
ID_pNata,7.446370175426796,-1.43569482334331,0
ID_vbLaK,5.8893967,-1.4188367,1
ID_iB17c,6.872283554035394,-3.126184704120544,0
ID_sJX2o,5.8884015,-1.4006693,1
ID_vbnzT,6.174967496886322,-1.557830759056906,0
ID_992Hw,6.2056313,-0.7802865,1
ID_CCmHc,6.046863169314053,-1.268323383560936,0
ID_sHWHm,5.4662848,-1.5370291,1
ID_CZDed,6.953190039004917,-1.982196929425192,0
ID_AORrS,6.196713,-0.883074,1
ID_uptP0,7.355478651781168,-2.844058877041568,0
ID_zKkez,6.203842,-0.88171846,1
ID_TCgoT,6.225608281693077,-0.066756492571048,0
ID_3Xj6H,5.897204,-1.4000658,1
ID_v6MlF,6.617853875820781,-0.441820690120399,0
ID_zNeVw,5.4791536,-1.5390592,1
ID_jUmf4,5.271407810247849,-2.458144203743817,0
ID_9jeN1,5.6590734,-1.4809228,1
ID_buAcW,5.402800358257895,-2.258905852252025,0
ID_dVtcU,5.4673214,-1.5279136,1
ID_qzRMc,6.91377790783205,-1.309833298519353,0
ID_tk4Yr,5.89308,-1.414718,1
ID_yPfSf,5.637783319522615,-1.793649092273527,0
ID_0T6QJ,5.887776,-1.4000405,1
ID_UYvM3,6.057827758091726,-1.292688110991141,0
ID_FQto9,5.6566944,-1.479225,1
ID_VtPrn,6.812891236985411,-0.89974303234174,0
ID_X41TO,5.8885922,-1.4180282,1
ID_6ar6N,6.229023482844211,0.052288368542411,0
ID_gUe66,5.8908844,-1.432721,1
ID_RoWLV,6.594479429211423,-1.916203625725477,0
ID_T8242,6.1795225,-0.66188955,1
ID_JotXs,5.362067897718788,-1.397755973128777,0
ID_hkTc9,5.667578,-1.4854642,1
ID_zSLpc,5.09737307983911,-1.779295123752674,0
ID_zKz5U,5.6360497,-1.4966291,1
ID_IHVHM,10.447954647183108,-1.175665834877289,0
ID_3harz,5.6469226,-1.4849863,1
ID_2P2RN,6.740458986364009,-0.970450850433849,0
ID_kxxG7,6.195382,-0.8758195,1
ID_GyXRZ,10.967728386520031,-1.107320433957037,0
ID_Xypta,5.4653907,-1.5361309,1
ID_ls4O5,6.388752403842193,-0.820078887593216,0
ID_fl32I,5.4661956,-1.5369394,1
ID_woaRY,7.735877875017344,0.398206077837461,0
ID_Pdzu9,6.2098575,-0.8768485,1
ID_6cvE0,9.144164998253576,-2.352524116139647,0
ID_kA1Ro,6.2110567,-0.8769943,1
ID_0CmJ8,9.20146312681885,-1.459888859693566,0
ID_srR63,5.897025,-1.3998861,1
ID_N1Htp,6.365593532013122,-1.020068065059616,0
ID_HKMbz,5.476458,-1.5387564,1
ID_zd0aX,5.396786405506354,-1.871304316824223,0
ID_Wcsrg,5.659252,-1.4811026,1
ID_d9zlt,6.96604991772971,-2.043137939319603,0
ID_5ObK5,5.6524415,-1.4795775,1
ID_gxa8M,5.6225696972991,-1.881311498949186,0
ID_i8t97,5.635871,-1.4964495,1
ID_1OVRK,10.88613133391843,-2.495390836169813,0
ID_n07Kf,5.890974,-1.4328109,1
ID_ni0Mh,5.989618139554383,-1.608752394225436,0
ID_IRk7L,5.643421,-1.477924,1
ID_icc26,5.648130950545897,-2.393576004851896,0
ID_shR8Y,6.1921797,-0.87475866,1
ID_yFYDD,10.04696695022668,-0.739217652775939,0
ID_kXrJ0,6.2043686,-0.88223433,1
ID_7LRUP,7.457763565777407,-1.905889481963172,0
ID_ChKnq,6.205096,-0.7797475,1
ID_TMBUM,9.078928669073758,-1.738322240189873,0
ID_bywnw,5.663039,-1.4854307,1
ID_oBRNc,6.557149995659866,-2.477459905717635,0
ID_QLdyw,5.6483746,-1.4777502,1
ID_M62kQ,6.313779398068885,-2.288936133816586,0
ID_6Ha9m,5.477623,-1.5377338,1
ID_qzmu3,6.416410117558025,-0.903147921887051,0
ID_5Vmyj,5.4658847,-1.5324528,1
ID_RFA3x,8.513406597759763,-2.076058038225142,0
ID_to67H,5.6556864,-1.4895974,1
ID_0wncG,5.943357396388229,-1.181407618482683,0
ID_CcgV4,5.668025,-1.4859134,1
ID_PM4b0,6.517362193860563,-1.933894043111658,0
ID_L2fem,5.6695023,-1.4900538,1
ID_UzLhh,7.078281883851146,-1.74703008203208,0
ID_AgK0M,5.4692755,-1.5369664,1
ID_fbfhi,9.957749275918898,-0.023969489970352,0
ID_yP6mc,5.667307,-1.492888,1
ID_Q6PYi,6.148112921226128,-2.199822888786775,0
ID_1CwSc,5.8885045,-1.4319422,1
ID_m61tK,6.187266966885624,-1.557975435315053,0
ID_xraRA,6.206935,-0.87505025,1
ID_Q5H1h,5.955723406141569,0.009831278455827,0
ID_umgEE,6.2069016,-0.87634325,1
ID_BHMCd,6.259460659481387,-1.449309718109209,0
ID_BdjQH,5.655776,-1.4896872,1
ID_kSUQf,6.300044843070576,-0.066155706856638,0
ID_XddsI,5.891325,-1.414778,1
ID_pWPMo,6.888832296403219,-3.002387004684207,0
ID_WPadJ,5.661297,-1.4868792,1
ID_seu36,10.520253975428425,-1.848272844933162,0
ID_4M6WV,5.650012,-1.4892973,1
ID_6mf3X,7.655113050593671,-2.202432790453357,0
ID_IZdBw,5.650532,-1.479764,1
ID_4y2JS,7.155370002733453,-1.887183524053977,0
ID_ZIXyN,5.897786,-1.3995225,1
ID_v5dbv,5.195725134055048,-2.156661175418535,0
ID_FSCrd,5.472576,-1.538237,1
ID_gaaCH,9.95489828671242,-0.376446841699735,0
ID_CLa6u,5.657561,-1.4793606,1
ID_oNbPu,5.28626720269737,-1.886259188221141,0
ID_X0zrQ,5.661207,-1.4867893,1
ID_5fU82,6.371877416262863,-1.019594751745986,0
ID_5T0Sl,5.641562,-1.4787381,1
ID_en6UP,5.921647762078587,-1.158725151121072,0
ID_HBhnd,5.650835,-1.489841,1
ID_AKyO7,8.281241360296494,-2.459759350629996,0
ID_5wSeF,5.893017,-1.3992443,1
ID_JHtDj,7.851085820703493,0.413510064643268,0
ID_6jqMB,5.657348,-1.4846184,1
ID_G2k4p,6.007652979380482,-2.096153144359377,0
ID_4nlGz,5.477434,-1.5405079,1
ID_HGgCr,7.743978141682802,0.396369527690798,0
ID_Sz9QM,5.890795,-1.4326313,1
ID_mGqVT,6.787783562857079,-2.271421240775249,0
ID_ElmxQ,5.478209,-1.5395452,1
ID_UvrGc,5.246881663163854,-2.534771355866507,0
ID_bgo8q,5.8916407,-1.3973062,1
ID_TyiGY,9.08109857270026,-1.736607816049921,0
ID_oV5X2,6.207024,-0.8751401,1
ID_k7OvV,10.682804183297732,-0.933013746233381,0
ID_hpVlX,5.6486106,-1.4852915,1
ID_Qrhli,10.00124190264015,-2.026317213635329,0
ID_bOT6V,5.8863297,-1.4297694,1
ID_cQn7h,5.531936947547666,-1.363617084556255,0
ID_seVHC,5.6504016,-1.4864925,1
ID_8LLyt,6.710394251678751,-1.004753256754159,0
ID_YF6u4,5.641651,-1.478828,1
ID_yA7Gr,6.147460366926207,-1.279973309211789,0
ID_kli5L,6.2074656,-0.87760353,1
ID_CXDb7,6.862160864987652,-1.308365259936167,0
ID_6G0Bm,5.6544943,-1.4851893,1
ID_k9lXy,10.92741346124233,-1.964801525751344,0
ID_oC6KE,5.666516,-1.4891037,1
ID_v7A9a,6.805100034205037,0.29047740685821,0
ID_1E1F9,5.653222,-1.4899772,1
ID_IIlQA,6.9986325125437,-1.144772892148446,0
ID_U719s,5.647816,-1.4858845,1
ID_aS5W6,5.691467839749517,-0.535860023703351,0
ID_K35Kk,5.6448903,-1.4758104,1
ID_7ecmO,6.987132127867617,-1.98391963598295,0
ID_5Hkhj,5.6420984,-1.4792771,1
ID_lLuuS,5.759753509062075,-1.339730360327672,0
ID_3K7on,5.6654015,-1.4867959,1
ID_Goyoq,10.584164061903191,-0.529355656136059,0
ID_pnooQ,5.6665916,-1.4921693,1
ID_CzCz1,5.916185442564522,-2.886472942988348,0
ID_YOU9W,5.667085,-1.4936379,1
ID_ECAqd,6.816578042180049,-3.079629379467216,0
ID_kQVXX,6.208932,-0.8904343,1
ID_zjRYh,6.307770790824635,-1.085513667872032,0
ID_W9rw7,6.1957393,-0.87617886,1
ID_2PYxd,10.890892114123307,-1.177072458510164,0
ID_xepgL,6.2009187,-0.86782193,1
ID_MNxff,7.540857903316243,-2.230212492823496,0
ID_ifTbh,5.8890457,-1.4187156,1
ID_YPZof,6.600187526096602,-1.950671438056159,0
ID_oNGVU,5.4735723,-1.5379145,1
ID_uGZM1,5.453716442535632,-2.655610231214469,0
ID_A7L0V,5.472857,-1.5371959,1
ID_v3Yi3,6.856798958911606,-0.847453789585415,0
ID_F0WeC,5.651979,-1.4811004,1
ID_sxnKb,10.00240835467006,-2.052528265332943,0
ID_4cmGX,5.6486998,-1.4853814,1
ID_UwzyK,11.088999035906864,-0.298507461985505,0
ID_iCJv5,5.4686837,-1.5375254,1
ID_ATh8p,10.96355737371772,-2.429839024754977,0
ID_7IZJj,5.8909264,-1.4160912,1
ID_fydYE,5.630216825004851,-1.867078199020447,0
ID_7nNgr,6.2039037,-0.8852492,1
ID_UMbjt,5.646782744406976,-1.154480682333406,0
ID_36yAC,5.6489506,-1.4857541,1
ID_ip2PJ,6.586942221962513,-3.169663894937341,0
ID_y2Fsq,5.891462,-1.3971266,1
ID_tvAHM,6.167765124100173,-0.937785278029359,0
ID_jtrGP,5.661565,-1.4871486,1
ID_syuOg,6.918242714963159,-1.306876975135481,0
ID_WwbSN,6.2073765,-0.8775137,1
ID_MPh9u,6.679103566140058,-1.362121179164411,0
ID_au9J3,5.648968,-1.4856509,1
ID_VMJfY,8.235631403216265,0.52601870855458,0
ID_VnrHx,5.645368,-1.4776279,1
ID_usv4Z,6.513655534000796,-0.669928845564624,0
ID_BWtBo,5.6590176,-1.4884433,1
ID_vMaue,5.963743202427511,-1.186522398325049,0
ID_jHs03,5.466332,-1.532902,1
ID_pIWZg,7.367208010837559,-2.106135047243604,0
ID_39PKB,5.473614,-1.5381826,1
ID_IycnD,5.270587959469272,-2.642560436173393,0
ID_EEgXJ,5.660735,-1.4817867,1
ID_ambw5,6.979734776983393,-2.046105556104718,0
ID_MR2xH,5.6439576,-1.478463,1
ID_pztSH,5.220965758922784,-2.069284178475881,0
ID_viHIo,5.6591506,-1.4770647,1
ID_kwi2b,10.454291069968352,-1.35083120690462,0
ID_jEBQr,6.2077885,-0.87683576,1
ID_ONAhF,10.950845741251054,-1.206518058524019,0
ID_ezVZH,6.2094293,-0.8779863,1
ID_ksf6P,9.111794190364284,-1.462732215139087,0
ID_XdBTl,5.4777126,-1.5378237,1
ID_OBrtN,7.159036849270059,-1.339569166218082,0
ID_kozCq,6.1918225,-0.87439936,1
ID_enP2j,6.943316580027464,-1.359914861853542,0
ID_QEfio,5.6525855,-1.490854,1
ID_vm3bF,6.596263631828848,-0.341701359955616,0
ID_kv70G,5.467609,-1.538638,1
ID_z7DC1,7.521588786035283,-1.502587806477392,0
ID_7gFm3,5.659107,-1.4885331,1
ID_Bg65I,7.472264027772989,-2.139105965883459,0
ID_NA48U,5.649767,-1.4816296,1
ID_5nzW3,5.881634133473535,-0.777626486228537,0
ID_Z9Rwm,5.6503124,-1.4864028,1
ID_OySvl,7.408823902811221,-2.104618126038963,0
ID_9nMbB,5.89568,-1.399279,1
ID_vagj0,7.363146645379384,0.461266977366697,0
ID_bub4r,5.65028,-1.4895667,1
ID_XTBcM,5.529222235681174,-1.280892679578432,0
ID_ynDA5,6.191912,-0.8744892,1
ID_V05aX,11.0288107998938,-0.302434520501455,0
ID_sGegd,6.20761,-0.8766561,1
ID_nNQs0,10.850653806872735,-1.884718835705079,0
ID_decrn,5.663397,-1.4857901,1
ID_ciPmr,5.093928033848472,-1.791679302713259,0
ID_pdskh,5.89173,-1.397396,1
ID_vEdyx,6.688994065203021,0.495408890978348,0
ID_jspid,5.8916597,-1.3980885,1
ID_E7w1T,9.140984989047343,-1.491244498124723,0
ID_5efVW,5.8889804,-1.4297746,1
ID_YQ8Sm,6.270974943952357,0.018045707932428,0
ID_wrlfM,6.207878,-0.8769256,1
ID_uwKqD,10.58252023496728,-0.453172281916581,0
ID_ZKZbG,5.6470118,-1.4850761,1
ID_lawHo,6.256754368835616,-1.549477030835078,0
ID_OLTwx,5.475111,-1.5376345,1
ID_AC3NQ,8.401736276142943,-2.229525573573263,0
ID_trk26,5.8887124,-1.4295051,1
ID_nsrMj,5.871148562316187,-3.010970533979235,0
ID_bCIvF,5.4644375,-1.5381076,1
ID_RD4UA,7.881528169355921,-1.827719329411256,0
ID_twtyq,5.465795,-1.5323629,1
ID_cFbav,6.692742059471847,-2.063096631401202,0
ID_iMXCp,5.464527,-1.5381975,1
ID_PodMV,6.68461623942665,-2.057732206728718,0
ID_Dshxc,5.888417,-1.4195966,1
ID_wLjFE,6.289504817768185,-2.409029614280974,0
ID_aK2Xm,5.667936,-1.4858236,1
ID_1xnFG,6.825584409453127,0.234193668421811,0
ID_vbanY,5.6436,-1.4781036,1
ID_VqtD3,5.915635186325452,0.051290081050394,0
ID_9R9uX,5.6605396,-1.4881811,1
ID_7c7yZ,7.043072964615528,-1.086540162005591,0
ID_sQBuF,5.4675193,-1.5385481,1
ID_jXEpl,5.976056079510177,-3.050086587057254,0
ID_bpraL,6.1920013,-0.874579,1
ID_UtqLt,8.840634263818046,-1.941996657441361,0
ID_y3Z9H,5.6567388,-1.4949995,1
ID_BLySl,5.896376933903922,-1.107335398426236,0
ID_tA5Lz,5.6422772,-1.4794568,1
ID_q8FEY,6.415007444299106,0.477594447645988,0
ID_iQUJo,6.199706,-0.88276047,1
ID_g6hhC,10.901638572594422,-2.498259785377721,0
ID_anY64,5.6487894,-1.4854712,1
ID_AD5q2,6.864236126243775,-1.30173293420904,0
ID_ysex6,5.658276,-1.4800793,1
ID_l6ig8,5.430957756991945,-1.748631900428764,0
ID_FdM3k,5.645159,-1.47608,1
ID_cPwL4,5.985297926842308,-2.622089357846518,0
ID_ZAXvf,5.655766,-1.4828385,1
ID_iYBJx,5.577396708179816,-1.89003217399287,0
ID_9PgKC,6.203346,-0.8739008,1
ID_Ry5pa,5.382180164962144,-2.703381809506553,0
ID_rlsam,5.4707556,-1.538126,1
ID_TnW1t,6.103236695119469,-2.820194621184588,0
ID_S21hB,6.210304,-0.87729764,1
ID_n3w0r,7.203675641196934,-2.511905213282093,0
ID_Z0d02,6.2041674,-0.88121843,1
ID_ofdfp,5.502196954345107,-2.644941402410183,0
ID_aoExH,5.634744,-1.4981852,1
ID_ObUx5,6.904766310700046,-1.202109370986836,0
ID_5fPBl,5.6672173,-1.4927981,1
ID_Ut74G,6.844280680315631,-1.255501813023087,0
ID_GlDgr,5.891749,-1.3981782,1
ID_HAKGy,5.633627582766579,-1.910007108343367,0
ID_UqOsA,5.6629386,-1.4840835,1
ID_pwdhI,9.060204487739032,-2.457340873269426,0
ID_GmQ5z,5.655945,-1.4830182,1
ID_MAHcg,6.761727578753289,0.515159506069593,0
ID_F35LV,5.6484632,-1.4859694,1
ID_nSJOS,6.955151230193453,-1.954879478333776,0
ID_AnkTz,5.6502814,-1.4887278,1
ID_WLqVp,6.959940538640474,-1.944439374271883,0
ID_yw2Vy,5.657052,-1.4795843,1
ID_j1S09,6.699550945416457,-0.606033272597713,0
ID_0mwQc,5.8903494,-1.4267653,1
ID_wyYrM,10.83414849383244,-2.719606127613163,0
ID_kB6wV,5.650656,-1.4896613,1
ID_tZuN1,6.125517232784985,-1.22142330220677,0
ID_QS8zy,5.6693234,-1.4898741,1
ID_riBFb,9.14574824106801,-2.229790158881322,0
ID_wj5ZX,5.478746,-1.5400842,1
ID_y41tD,6.485011823986086,-1.903815927968779,0
ID_MJIPg,5.464793,-1.5352054,1
ID_sSXpl,5.359576055035622,-2.257189150949472,0
ID_CJX11,5.8865085,-1.429949,1
ID_eqLCg,7.533014897767099,-1.518719843643338,0
ID_K9JmE,6.205185,-0.7798373,1
ID_Cq1Vl,10.898586453493182,-1.206069257053171,0
ID_wcUfJ,6.20934,-0.8778964,1
ID_0npSk,7.039211155137616,-2.658483159048427,0
ID_YftT2,5.8928475,-1.4214938,1
ID_LqYAT,8.359704455718298,-1.698622340449793,0
ID_wRW2L,5.470398,-1.5377666,1
ID_mc8W2,8.20784012842603,0.481714401937377,0
ID_uM6Yb,6.208894,-0.8774473,1
ID_ZVT9K,6.511734662389825,-2.791894974287527,0
ID_6AZ60,5.6343393,-1.4977025,1
ID_AzUf6,4.806563275356535,-2.043855781600239,0
ID_9CxsY,5.6668673,-1.4883592,1
ID_dqNIv,6.584433577061803,-2.54578515731925,0
ID_KTLSK,5.892323,-1.4041852,1
ID_yH2HN,5.738832900516182,-1.126833702518746,0
ID_KqikH,5.650191,-1.4894769,1
ID_SCymN,7.146609458886562,-2.30583913330355,0
ID_5vDiY,6.205784,-0.8767276,1
ID_x4dAI,5.612445747137891,-1.813417562645049,0
ID_HrNRB,5.473036,-1.5373756,1
ID_N58r9,9.971235576899025,-0.377349831253825,0
ID_v8z5l,5.4776883,-1.5388043,1
ID_BX9ib,6.024613357417143,-1.799841888810743,0
ID_raOT8,5.8900285,-1.4197038,1
ID_jBm56,9.23300791569786,-0.345429959024631,0
ID_3yc6A,5.6571693,-1.4844387,1
ID_LWa5z,6.556237546932021,-3.05439320651074,0
ID_PRv5B,5.477166,-1.5402385,1
ID_oBYaL,10.783984079642773,-1.369743004876641,0
ID_AlXRS,5.4775987,-1.5387144,1
ID_aSjdB,6.195879303131548,-1.97511123019436,0
ID_U5Wa8,5.888059,-1.4192371,1
ID_0WNd4,6.483971602752387,-0.788208417121333,0
ID_waomb,6.1980596,-0.8767794,1
ID_q28Jp,10.884182880378198,-1.934575103219996,0
ID_HjEHJ,5.6608243,-1.4818765,1
ID_6KlCb,6.900380786258104,-2.642727085037485,0
ID_9Tuq7,6.206167,-0.78082544,1
ID_cKeac,6.076847505197281,-1.288456651714204,0
ID_sTPu9,5.6661916,-1.4791882,1
ID_qQg0p,6.079763492954446,-0.633676577921788,0
ID_ydAyA,5.669413,-1.489964,1
ID_wuZau,6.373903297079308,-1.021414514305878,0
ID_3vlHU,5.8881297,-1.4285027,1
ID_nr4eR,7.46203923877684,-2.148613029029132,0
ID_gek3E,5.6589284,-1.4883534,1
ID_cPlg6,5.728027993601883,-1.534577408109925,0
ID_rVhyW,5.4649434,-1.5356817,1
ID_A2o9J,6.206977433128233,-0.978002700831895,0
ID_93TiY,5.8882365,-1.4316727,1
ID_zaAmT,5.527713177480035,-1.25757957845391,0
ID_Yj6tg,6.205047,-0.8818702,1
ID_eaMiV,5.691731680486189,-1.177266955179891,0
ID_HwlkY,5.4773636,-1.5420862,1
ID_0Pfft,6.028532478637576,-1.691371803496389,0
ID_DH0LR,5.652992,-1.4799081,1
ID_loJCk,10.928208127764268,-1.09819985097588,0
ID_uTYT6,6.1995277,-0.8825808,1
ID_pIbL2,11.01383115424809,-0.197832887570179,0
ID_haKBg,5.6441364,-1.4786427,1
ID_u7ffQ,5.629342747976217,-0.514906458133214,0
ID_WCVho,5.8911524,-1.4285609,1
ID_iBqWO,6.695741096608563,-2.671105626750269,0
ID_C8Vvp,5.645279,-1.477538,1
ID_clG9A,6.16172250682462,-1.327468520757789,0
ID_KYufI,5.4687734,-1.5376152,1
ID_VD6eZ,6.938589826167973,-1.940667762813059,0
ID_kTFQz,5.4761333,-1.540232,1
ID_wBRpY,7.408225214668416,-2.09450475880125,0
ID_l0nfc,6.227136,-0.8162706,1
ID_Mlh41,7.258127839871539,-1.30090759398171,0
ID_NvTUs,6.1968913,-0.88325363,1
ID_FDpuA,6.17535768479077,-0.953642776580678,0
ID_fMYWh,5.659145,-1.4882743,1
ID_l95pr,5.280712645680058,-2.702260432377204,0
ID_a0Dwt,6.1975164,-0.88388246,1
ID_6Z2ga,5.25014402753485,-2.062021350745414,0
ID_d2lxt,5.6459045,-1.4781668,1
ID_VBFjI,6.619511287672124,-1.902077179875887,0
ID_sXvR6,5.896936,-1.3997962,1
ID_atVCS,6.600295481176601,-2.266712245025283,0
ID_qv4aF,6.206052,-0.87699705,1
ID_f2rOz,8.189377229215848,-1.691383062368031,0
ID_wOJj9,5.653779,-1.4844707,1
ID_4bM05,11.012704537918893,-0.197989901599904,0
ID_qawzy,5.893259,-1.4148977,1
ID_bUqSV,6.246925940558627,-2.28405728337994,0
ID_qA4MJ,5.8929486,-1.404814,1
ID_HhrDK,6.471489474423423,-0.821724465277495,0
ID_H6HoW,5.6671743,-1.4937278,1
ID_4slPC,6.597168806755779,-0.342673887852363,0
ID_QPZF8,5.640972,-1.4789827,1
ID_QZnVk,6.484036580717937,-1.045352986441741,0
ID_uMVeS,5.6583652,-1.480169,1
ID_LX9In,6.928522600890792,-2.657270743816131,0
ID_CCSzq,5.4684153,-1.5372559,1
ID_jLpjw,5.849867472847775,-0.81528714304545,0
ID_JIqcF,6.2042313,-0.87497795,1
ID_jImEt,6.257236773996241,-1.049069131879846,0
ID_yNNq0,5.666817,-1.479817,1
ID_lyjQn,6.492608098764032,-0.494745825666509,0
ID_lxYtO,5.4811373,-1.5364057,1
ID_E13X1,7.527915910594666,-2.438356134846506,0
ID_VOi9z,5.8904796,-1.415642,1
ID_fFfJD,7.945575701586501,-1.793041720574732,0
ID_p1qJ7,6.199349,-0.8824011,1
ID_mpMSO,5.097927409634055,-1.787012992689758,0
ID_yR5Lw,5.8912416,-1.4286506,1
ID_MN8wS,6.45413672152963,-0.973950395519578,0
ID_Ox3vM,5.884417,-1.3992767,1
ID_yqhJW,5.634751320802248,-1.86320416748237,0
ID_J9l1d,5.6668625,-1.4792366,1
ID_fP4d8,5.975722779027055,0.038076173640133,0
ID_Ps3eV,5.4731255,-1.5374653,1
ID_WU214,5.567672049501371,-1.068675988846543,0
ID_8azES,5.659841,-1.4808884,1
ID_KYljC,5.993883000861294,-1.710522856640131,0
ID_tESAU,5.887957,-1.4321934,1
ID_S0BaL,6.299996074415535,-0.072690610086989,0
ID_8jS93,5.635279,-1.4959817,1
ID_IPbOP,5.962885865297923,0.017768132160351,0
ID_vGSGj,5.64386,-1.4763325,1
ID_NXXoG,10.63672521478706,-0.389056366722386,0
ID_Nsqit,5.8918386,-1.3982681,1
ID_jBIPB,6.627423556845493,-2.593189248686969,0
ID_PsAKb,6.195502,-0.8748791,1
ID_xOTfK,6.278650052516191,-1.306446733096736,0
ID_Wro39,5.6501026,-1.488548,1
ID_mVUxk,6.142638171010939,-0.94663264248354,0
ID_xCIr3,5.898144,-1.399882,1
ID_0vIIT,6.784535073747407,0.518989080899611,0
ID_m4mWb,5.6351914,-1.4986343,1
ID_E2kUz,7.381249797771512,-0.054337383703376,0
ID_o6xup,5.650746,-1.4897511,1
ID_VbmHN,6.128892965563544,-1.001414886109666,0
ID_ZHOzg,5.6692343,-1.4897844,1
ID_nxeua,11.017760671449258,-0.30348671759147,0
ID_CnzN0,5.655865,-1.4897771,1
ID_EuusO,5.254440602883797,-2.354707833206938,0
ID_pO4Ju,5.471018,-1.5384105,1
ID_xGhkx,7.159032721501623,-2.517526750039337,0
ID_bONPA,5.88797,-1.4191474,1
ID_Woehk,6.465144716694025,-0.962561219696529,0
ID_A9u7K,5.666996,-1.4871453,1
ID_QwXuK,6.580005164859133,-2.015230629160227,0
ID_tEhL5,5.8887553,-1.4291315,1
ID_omvae,6.006148617920426,-2.699128999733729,0
ID_0TdiA,6.200561,-0.8674626,1
ID_l8bLc,7.083321750473978,-1.785462631629516,0
ID_OBrhQ,5.650621,-1.4798539,1
ID_bENkc,5.5779993831302,-2.395524473779045,0
ID_MExMz,5.64498,-1.4759003,1
ID_Suw2B,7.191957233337979,0.427787184895374,0
ID_FllON,5.6423664,-1.4795465,1
ID_b2Fnm,6.005707326860155,-1.609632824107085,0
ID_Legot,6.2270465,-0.81618077,1
ID_nAEiC,5.235898265056306,-2.46339523498144,0
ID_RwsdA,6.197249,-0.883613,1
ID_F0vkK,6.747318118940905,-2.101966411615172,0
ID_SJaDM,5.654405,-1.4850996,1
ID_hggEx,6.992362623680648,-1.404693785223247,0
ID_bFSjZ,5.644801,-1.4757205,1
ID_sX8Y8,6.022467159305601,-2.629133436979201,0
ID_oDNEC,6.20708,-0.8765229,1
ID_2Th5s,10.896196595376434,-2.49269827169767,0
ID_AG9up,5.6499224,-1.4892074,1
ID_T33dj,5.472926166717498,-1.382952493192796,0
ID_HSvKl,5.8880463,-1.4322832,1
ID_Ulr0A,6.474504926632435,-3.140018826921513,0
ID_ew9mx,5.640883,-1.4788928,1
ID_6WT6w,10.467941543461158,-1.366666122252068,0
ID_E0gkt,5.8905926,-1.414312,1
ID_mhq7p,7.515655734808638,-1.482547171651834,0
ID_7milB,6.1959367,-0.8753937,1
ID_xYy6i,5.605080620011949,-1.813152403559748,0
ID_tAA4B,5.8890233,-1.4294009,1
ID_K5yam,7.120986432379166,-2.976091980625402,0
ID_9WgZJ,5.667264,-1.4874148,1
ID_MwWrY,6.562862705405322,-0.5366516896622,0
ID_blNUC,5.8890696,-1.4298645,1
ID_GgSZc,5.665625976930905,-1.171347478346027,0
ID_tEECo,5.6451,-1.4773583,1
ID_hDGRH,7.160979036789919,-1.532051478415875,0
ID_k2CFX,5.893077,-1.4152287,1
ID_1P4nv,10.261564784039008,-2.132488866034637,0
ID_8uROe,5.6530433,-1.4897976,1
ID_70Alm,6.299065670764922,-0.063904132731839,0
ID_fqMgZ,5.4811616,-1.5385875,1
ID_Mqv9L,10.78180875550212,-2.501142105846225,0
ID_JUZAy,5.46548,-1.5362207,1
ID_0VMqb,9.99630938715267,-2.0293360009258,0
ID_9HiXF,5.895412,-1.3990095,1
ID_kVTrU,7.345612325298551,-1.357055925567,0
ID_lRS0Q,5.4805355,-1.5379586,1
ID_iR4cz,7.0248982792322,-2.318169303215721,0
ID_O5Eih,5.6406145,-1.4786234,1
ID_M89Sm,5.641970785666309,-0.527806456082639,0
ID_FNy94,5.8921957,-1.3986274,1
ID_vYfX0,9.869626572801971,-1.65168780770992,0
ID_W3XYt,5.480804,-1.538228,1
ID_TzZ4W,9.67109743871565,-2.133440102661999,0
ID_1Qt32,5.6528645,-1.489618,1
ID_jMi1V,7.085266331541497,-1.929256416093367,0
ID_Ypjty,5.4685946,-1.5374355,1
ID_tXy26,5.815715415772567,-0.880414084289724,0
ID_0UyK4,5.652426,-1.4815496,1
ID_x0O2P,9.806305724036289,-2.395062269265634,0
ID_AdPRU,6.2041006,-0.88196486,1
ID_J9WV4,6.52138347666853,-3.106942598759786,0
ID_2FW6M,6.2101254,-0.877118,1
ID_Uzqqj,6.696165630275105,-0.90138298389891,0
ID_r9DMc,5.651282,-1.4902902,1
ID_eOt06,6.361130165323936,-2.380796691983905,0
ID_Yqs3p,5.891194,-1.396857,1
ID_KDYkI,10.887328222296624,-2.680608452966088,0
ID_r2bCA,5.896757,-1.3996166,1
ID_kuMuL,6.924427009594565,-1.321033133480251,0
ID_BRBg7,5.645248,-1.4761697,1
ID_2Xlbr,6.779751971119671,0.517067106245332,0
ID_W5WBd,6.1982384,-0.876959,1
ID_4e9W1,5.940938962822043,-2.864502459642503,0
ID_B43g4,5.6594186,-1.4773341,1
ID_xqWlx,6.146912011772351,-1.258408586411184,0
ID_l0yDs,6.2280293,-0.8171689,1
ID_0tTLl,6.042700594260502,-1.82907660236217,0
ID_SbrgL,5.468739,-1.5364275,1
ID_IfLQb,7.480055797552076,-1.442406029004204,0
ID_6M9tp,5.470219,-1.5375869,1
ID_Lg4E5,6.339135598469777,-1.190260726566116,0
ID_3NtWR,6.200829,-0.8677321,1
ID_pNApr,5.80857064668352,-0.891163704601384,0
ID_54KDv,5.666063,-1.4875507,1
ID_NmFxl,6.401624068775863,0.448683278367762,0
ID_SnSc5,6.2062564,-0.78091526,1
ID_SQoTO,6.092436866273017,-1.329202218881179,0
ID_RdJe0,5.893038,-1.4049038,1
ID_7nRHW,5.267519495001967,-1.275517593910553,0
ID_Mro0h,6.2054267,-0.8763683,1
ID_8nJAO,6.314191080426196,-2.271320334779717,0
ID_Frp4U,5.634834,-1.4982749,1
ID_Xp252,9.938114931097372,-0.079485738287488,0
ID_Su8HI,5.896057,-1.3991134,1
ID_I4yu0,7.581760509399361,-2.193647036579772,0
ID_bsqmS,5.89221,-1.4147805,1
ID_yi4Wz,6.69790977580841,-2.647542853424249,0
ID_GJXZ1,5.6666546,-1.4937209,1
ID_98iIt,9.033775002026184,-1.501809858274515,0
ID_PWCCv,5.634923,-1.4983648,1
ID_vP3KE,6.257256474918952,-1.312545848241488,0
ID_B6Q8G,5.6540475,-1.4847401,1
ID_22pM1,6.674182593057852,0.453942657562001,0
ID_n0a3c,5.666476,-1.4935411,1
ID_1YM2d,6.893822507974049,-0.885810668243389,0
ID_xa8Tx,5.89317,-1.4148078,1
ID_odISW,6.543916026466167,-3.165138892856505,0
ID_ehn9N,5.658066,-1.4847821,1
ID_yhygQ,10.723460437857131,-0.990661480814743,0
ID_Wqjmg,5.6587434,-1.487134,1
ID_i8XvX,9.300769487693756,-0.377312644689037,0
ID_DQzwa,5.652228,-1.4904947,1
ID_WNFSf,10.957264308064714,-1.11409452152711,0
ID_edwlU,6.2068124,-0.8762534,1
ID_jZK7B,9.799912289780714,-2.400817033530142,0
ID_80cKq,5.4737034,-1.5382724,1
ID_c82Ml,10.980371388894111,-2.293474514452347,0
ID_irzgZ,5.6670413,-1.4794163,1
ID_FXBRG,6.159444885483246,-1.539595407593281,0
ID_EEqKH,5.898233,-1.3999717,1
ID_XE6rf,10.677375232853466,-1.146134219097372,0
ID_igVhM,5.649308,-1.4861135,1
ID_5Gzg9,6.243815639673891,-2.339248113204965,0
ID_bIIPE,5.649597,-1.485684,1
ID_7Mtc7,10.55651264536557,-1.053757526340221,0
ID_t1vfY,5.47629,-1.5410082,1
ID_zzc8E,5.954552293162951,-2.749856067559119,0
ID_ub4Qb,5.4767375,-1.5414574,1
ID_uDHNC,6.723709951688604,-1.023418390375266,0
ID_wWchE,5.893613,-1.3981978,1
ID_hWtDM,5.974386924879197,-2.130762642904855,0
ID_Gqpc7,6.2036314,-0.8806795,1
ID_Vq0IP,10.42804118726168,-1.355915398338593,0
ID_S1oVq,5.4764013,-1.5405014,1
ID_EsucO,5.876200658263817,-2.895909129289619,0
ID_3iaBc,5.6527233,-1.4796386,1
ID_uD2xA,6.437247793524188,0.469029246914945,0
ID_pDct1,5.6668735,-1.489463,1
ID_4TA4m,6.878413960516732,-2.987613537600614,0
ID_gKbsq,6.2072587,-0.87670255,1
ID_f25Xi,6.894361646338828,-1.27878652238236,0
ID_VVlJ1,6.203785,-0.8745288,1
ID_3oBwo,5.092457570826833,-1.783445909041307,0
ID_miQvB,6.2073817,-0.8754994,1
ID_euAni,6.930774131075454,-2.001364300700572,0
ID_YzDkU,5.888682,-1.4181181,1
ID_ydM56,7.10879376436387,-1.853087876295115,0
ID_fB8kp,5.667085,-1.4872352,1
ID_FKzvI,7.546803144360243,-1.53665371616102,0
ID_WhIwV,5.661118,-1.4866995,1
ID_8LLif,9.859398917875458,-0.369864329390873,0
ID_NBqVL,6.2050643,-0.886417,1
ID_xiuqu,7.289742452368821,0.475626993040811,0
ID_cvB9S,5.8839307,-1.3987049,1
ID_PkLva,7.018894677796285,-1.447966748714324,0
ID_fs3fc,6.178362,-0.6607218,1
ID_uHLc6,5.74807079519273,-1.490466630607538,0
ID_nUqWS,5.889992,-1.4264059,1
ID_XLCnv,10.243626210505475,-2.13061728811756,0
ID_4O4XK,6.196115,-0.87557334,1
ID_cLHvw,5.642696021213927,-1.792179441871881,0
ID_pAb7s,5.892144,-1.4040055,1
ID_UpRr9,8.89655640696371,-0.12158278924321,0
ID_tTj3g,5.6655803,-1.4869757,1
ID_uo0F5,7.056304753167944,-1.589498812934356,0
ID_Ay6BW,5.89257,-1.3987951,1
ID_4MxNh,6.620505541907481,-1.920486743206786,0
ID_zhN1n,5.8895817,-1.4192547,1
ID_6EgWg,7.570131720807161,-2.592678803266096,0
ID_1SRC1,5.8933144,-1.4060777,1
ID_NFGoL,6.109233687114057,-1.327951106901385,0
ID_COH38,6.195591,-0.87496895,1
ID_DpPRn,9.4720638605684,-0.374115780971474,0
ID_5HdiU,5.889563,-1.4003602,1
ID_HO4jS,6.752338956927476,0.496806232718777,0
ID_uNGY6,5.8964143,-1.3994727,1
ID_PhZWp,5.18776502620244,-2.036683433568087,0
ID_xKATc,6.204021,-0.8818981,1
ID_E8zSY,6.895804480248003,-1.111013537757098,0
ID_GvNGg,5.6674886,-1.4853745,1
ID_9n8b2,6.243317828801054,-0.051344435264506,0
ID_8m9Vx,5.893166,-1.4153185,1
ID_NbcU9,6.01736388695767,-1.695090836588217,0
ID_OT9qT,5.469131,-1.5379746,1
ID_gpxLd,10.468748216615763,-1.360698643359177,0
ID_pHlyT,6.2039633,-0.8747085,1
ID_07FZs,6.498885551335689,-0.684763464803585,0
ID_IAeCa,5.666778,-1.4882694,1
ID_1jQb5,10.690586052384791,-1.148746131146291,0
ID_JIYuy,5.665312,-1.4867061,1
ID_loUt4,6.999673686328949,-1.234630842705632,0
ID_iUFdd,5.66722,-1.4795959,1
ID_4cObi,5.511165066763384,-1.32082935947902,0
ID_DbYpR,5.8946958,-1.4008806,1
ID_v4xo3,5.967379084379838,-2.126727586638781,0
ID_szCSh,5.8955836,-1.3996149,1
ID_MPQ4M,6.625686856612719,-0.442485942355992,0
ID_VKWNo,5.46865,-1.5363376,1
ID_lRPol,5.765710536541506,-1.323263533753133,0
ID_PQiTk,5.47654,-1.5396097,1
ID_QmRTe,8.87362212411847,-0.152924438988869,0
ID_oVjhD,5.6664267,-1.4890138,1
ID_shnOg,6.682367585000333,-0.577896313756335,0
ID_iSQQA,5.6484637,-1.4778401,1
ID_gwDVN,7.085763834418616,-1.657422940852313,0
ID_Xy7tp,5.888934,-1.4293112,1
ID_5xw7H,10.659083804559288,-0.250880266349344,0
ID_vPSIq,5.8930464,-1.4058082,1
ID_ehc07,7.193616325590277,-1.472000513229446,0
ID_xem8T,5.8896523,-1.40045,1
ID_CXXMl,7.177361978655401,-1.844350053791132,0
ID_dnEfN,5.8916883,-1.4290998,1
ID_SIQPZ,5.745307635268615,-1.505512282361592,0
ID_F8z4r,5.635692,-1.4962698,1
ID_Ufcks,5.739235368976113,-1.095809413770449,0
ID_HfD1V,5.665759,-1.4871553,1
ID_xDVG2,11.041836600289749,-0.332717213648678,0
ID_FS4SQ,5.6580462,-1.4954188,1
ID_gvt37,5.629297650570444,-0.517690205665198,0
ID_MxMUQ,6.2054935,-0.88231933,1
ID_8HtUE,5.903547665164703,-2.398392291977779,0
ID_bPoqj,6.2039886,-0.8810388,1
ID_tftBP,5.397595873625368,-2.317798750105617,0
ID_2fx5B,5.6579185,-1.4797199,1
ID_P0JsX,7.583349426276853,-2.187231263573422,0
ID_WrJIA,5.6524963,-1.4907643,1
ID_zHwgh,5.588684974285271,-1.734314276183652,0
ID_1PkY3,5.6525307,-1.4796673,1
ID_TkVLm,6.910450022243622,-2.628862563271258,0
ID_fViKV,5.8886228,-1.4294153,1
ID_bxSbw,6.682221035838895,-0.548235520205784,0
ID_drmMN,5.883752,-1.3985252,1
ID_lkMDE,5.249498455685779,-2.459738428261889,0
ID_8BmyN,5.4778914,-1.5380033,1
ID_jxCzm,10.20273209396078,-2.090653173303995,0
ID_k54PR,5.653081,-1.4799979,1
ID_ZIkkn,5.604259248562015,-2.716523387657906,0
ID_V0xOb,5.6435103,-1.4780139,1
ID_87TAD,5.731194147014287,-1.540026861322537,0
ID_u1mXS,5.466153,-1.5327224,1
ID_GCdCR,6.968759411348791,-2.507031701318728,0
ID_PyzS6,6.2068458,-0.8749604,1
ID_DzI81,10.356415442116226,-1.290603298216381,0
ID_kMyXZ,5.6579766,-1.4846923,1
ID_7xbzH,10.655026783696686,-0.253287150304842,0
ID_AazWM,6.1997952,-0.8828503,1
ID_eXBDO,6.99504290783968,-1.407925111993945,0
ID_NAuGS,5.4764504,-1.5395198,1
ID_i3KRj,6.614071445890234,-2.273539054111191,0
ID_9kfta,5.6628494,-1.4839938,1
ID_csTJo,6.136822052187544,-1.875156035696463,0
ID_RG7b7,5.4734354,-1.538003,1
ID_o1Xkw,6.551588109138167,-3.059985679999353,0
ID_s8MVH,5.896325,-1.399383,1
ID_bgyZg,6.394056612814538,-0.927505493608405,0
ID_m3yAa,5.4768157,-1.5391157,1
ID_47Ahq,9.682911184903258,-2.000383107234402,0
ID_CbU2v,5.474843,-1.537365,1
ID_Sz5ui,5.82467859675846,-0.881861051527066,0
ID_w2zgn,5.6626706,-1.4838141,1
ID_Zhlt9,6.474500727441549,-1.037346581537089,0
ID_pD4FD,5.8869553,-1.4303982,1
ID_DxX4Y,5.594330406447485,-1.325167435743568,0
ID_GnZVJ,5.8959675,-1.3990235,1
ID_sr2fI,9.267946077865153,-0.380093344795337,0
ID_UA74G,5.889307,-1.418747,1
ID_didbM,6.653293740473016,0.468414668916191,0
ID_LVWtq,5.8901114,-1.4195554,1
ID_MzUFh,6.915795919782997,-1.313945455291473,0
ID_edloS,5.6346073,-1.497972,1
ID_r8vG8,6.006593108200115,-1.252179876318295,0
ID_C7tZf,5.6587873,-1.4879149,1
ID_1SgT3,8.749643595131229,-2.432671666972996,0
ID_Qa35k,5.667532,-1.4940871,1
ID_3Ydaa,7.11333666061211,-2.28931406442741,0
ID_8ZlDZ,5.47619,-1.5384868,1
ID_xjsus,5.516671813961196,-1.288830658238434,0
ID_6nSVf,5.887689,-1.4319239,1
ID_bbRXi,5.617022521720077,-1.87623341027952,0
ID_e8W0P,5.890706,-1.4325414,1
ID_6TB2g,5.993520091654244,-1.719011720312819,0
ID_Q7z4t,6.2059884,-0.7806458,1
ID_bKMSF,6.690630627419655,-0.503185800692442,0
ID_DDP6r,6.203725,-0.88506955,1
ID_PvMFu,6.435514396702762,-0.46336918309338,0
ID_uX5cq,5.4648542,-1.5355918,1
ID_067Dn,6.522774580993107,-0.551536149105456,0
ID_GgcLv,5.6605563,-1.4816071,1
ID_8fxWQ,7.184158444340716,-1.449806252680065,0
ID_omHxQ,5.8928676,-1.4056286,1
ID_Ujeew,6.994143134680521,-1.982784684353317,0
ID_8DRQm,5.656248,-1.4810266,1
ID_41BEC,6.127470472536048,-2.791670158851593,0
ID_mJte0,5.470341,-1.5379585,1
ID_saH9E,6.626846296608723,-0.943525878766104,0
ID_jFc9g,5.471286,-1.53868,1
ID_1HTxd,5.885980189948396,-2.550424422229308,0
ID_pQSH5,5.47812,-1.5394554,1
ID_ay0VV,6.634221253133866,-2.592857744243093,0
ID_Md80w,5.6414194,-1.4794319,1
ID_PMJAM,6.656341849981555,-0.409585670440718,0
ID_wqjEF,5.468952,-1.537795,1
ID_SsgmN,5.759259857038002,-1.33545570536258,0
ID_7wvh3,6.20435,-0.8856983,1
ID_wsXQD,6.501426233118707,-3.16473704317585,0
ID_D8b8p,5.666331,-1.4878203,1
ID_xCOC8,8.23997379406383,-1.642561347320404,0
ID_5v8uu,5.897876,-1.3996124,1
ID_ehqcU,6.407734223327535,0.441550612869764,0
ID_NXWui,5.4671426,-1.5277339,1
ID_x5d9r,6.494739014750739,-1.934786411475776,0
ID_FxzpC,5.8841987,-1.3989744,1
ID_VUIs6,5.727757090257599,-1.213786974572722,0
ID_eDXvp,5.6667843,-1.4893732,1
ID_rLjBt,4.888285906523077,-2.028058382217603,0
ID_ekZuf,5.6586084,-1.4877353,1
ID_m7ObZ,11.091962024305872,-0.304315982943712,0
ID_vgA52,5.666386,-1.4934514,1
ID_WsZUG,6.121568271267504,-2.80445665084827,0
ID_0uxDY,5.8882194,-1.4285924,1
ID_ycKIa,6.222610424855635,-1.006993552018865,0
ID_j2aCT,5.6561584,-1.4809368,1
ID_TakVL,6.257879618459978,-0.002910519380102,0
ID_sIWkr,5.897608,-1.3993429,1
ID_AKUPl,6.200654197368566,-0.228955279805543,0
ID_hWgtS,6.207348,-0.8767924,1
ID_CYeq7,5.515097739617571,-1.287011313961401,0
ID_MiBTd,5.888506,-1.4196863,1
ID_uyOhz,5.88637257650787,-3.002329999178295,0
ID_S9f2Q,6.209072,-0.87762696,1
ID_J0ZN8,6.863106155597129,-1.303409042087302,0
ID_5M2ZP,5.65196,-1.4902252,1
ID_lhJ9k,6.562216069098857,-1.989524876964138,0
ID_xFoKO,5.8893843,-1.4001806,1
ID_Du1Ef,6.58479923712936,-1.94883064977655,0
ID_zGQQW,5.6496778,-1.4815397,1
ID_sGasb,5.102011360337085,-1.79822038383134,0
ID_0drEf,6.195323,-0.8746995,1
ID_NbOXt,6.319507387657911,-1.154158909525884,0
ID_2PRBf,5.891504,-1.4149578,1
ID_28Zua,9.958914770992571,-0.387858125358239,0
ID_vRpGr,6.207287,-0.8774239,1
ID_7IoPS,5.12443573167444,-2.157709260676444,0
ID_uVGCG,5.893438,-1.4150773,1
ID_0xN6g,10.945258965514116,-1.102176951385438,0
ID_JR5yF,6.208664,-0.8901648,1
ID_f8vVc,6.140683101241904,-1.341803752939149,0
ID_J0xMv,5.475022,-1.5375446,1
ID_Gu7GN,6.023286551766332,-1.275721104993422,0
ID_CKVxG,5.4671617,-1.5381888,1
ID_NH9TV,6.944602186072067,-1.369274317676758,0
ID_RkTEV,6.207828,-0.87594855,1
ID_fOLpH,5.523306736620277,-1.237268534063801,0
ID_m4Iso,5.6352806,-1.4987241,1
ID_ABNk5,5.986712555603913,-1.523171881063013,0
ID_qdsP9,5.4747534,-1.5372752,1
ID_ao0r2,10.91342246328491,-1.188270160088848,0
ID_eZJr4,6.2088423,-0.8903445,1
ID_IGsCr,5.441405639786604,-2.341383008721435,0
ID_bidZQ,5.895144,-1.3987399,1
ID_eXJpj,5.943574466612912,-1.177151522725417,0
ID_H3R3k,5.477867,-1.538984,1
ID_wFY6o,6.958289592834132,-1.359659393057252,0
ID_0yQRe,6.211324,-0.8772638,1
ID_PqSke,7.529806674280056,-0.318150082257822,0
ID_QoEmB,5.6357813,-1.4963597,1
ID_hQWVB,6.780179035871381,-2.261498691895992,0
ID_gqqKC,5.8865976,-1.4300388,1
ID_eJYfn,6.263266505928864,-1.563262597706362,0
ID_baeET,5.893348,-1.4149874,1
ID_qEHNT,6.250891113366825,-2.711330985881904,0
ID_RfrCJ,5.6350126,-1.4984547,1
ID_FtP9j,9.854468594531468,-0.200663137824012,0
ID_WGUFA,5.466017,-1.5367597,1
ID_8aPAG,10.93881425479396,-1.514126928860547,0
ID_RytoB,5.6614757,-1.4870589,1
ID_9fJjK,9.288558673301251,-0.38175074137129,0
ID_zpB1H,6.2042794,-0.8821445,1
ID_3JMTR,7.297037690162679,0.480412539835856,0
ID_HcwQ2,5.464704,-1.5351156,1
ID_N74Lj,7.126654641973619,-2.163515199658212,0
ID_CXuPS,6.201365,-0.86827105,1
ID_Tt2IF,7.066904815656789,-2.556931724445684,0
ID_QZOZe,5.6518893,-1.4810107,1
ID_MNZJH,5.957524500425817,-2.803104084735113,0
ID_2QT0C,5.467877,-1.5389074,1
ID_Pi7YB,6.62304039726032,-0.918451211783814,0
ID_BfAfK,6.2040524,-0.8747983,1
ID_4TWQO,8.235336424054003,0.521916646483555,0
ID_PjLE9,6.207912,-0.87805265,1
ID_yiu52,6.921924660000196,-1.310293765832414,0
ID_ah8bQ,5.4722185,-1.5378776,1
ID_JhFfS,6.438003608245191,0.444995290380844,0
ID_nw9xN,5.6571856,-1.4954487,1
ID_NkMtq,5.603079108694765,-1.809785234373368,0
ID_wWySB,5.64183,-1.4790076,1
ID_qC7N4,7.155016465669004,-2.610636140736003,0
ID_5XJMW,6.204779,-0.8816007,1
ID_PyPXs,6.073516644446363,-2.810514152728064,0
ID_JdWXa,6.2006507,-0.8675524,1
ID_qcomU,6.942617528895122,-2.462708350046402,0
ID_oJU34,5.464354,-1.5330645,1
ID_9sKcc,7.805661317144344,0.412496406253285,0
ID_jOZiO,5.6560345,-1.483108,1
ID_ZV4cB,5.999145553065546,-1.244993265979573,0
ID_QG0a8,5.648374,-1.4858797,1
ID_eoTJt,10.939888282443585,-1.75647143759486,0
ID_FxAE6,5.6419196,-1.4790974,1
ID_qpHEo,7.37184743482819,-1.813899529457531,0
ID_st7eJ,5.649776,-1.4858637,1
ID_Rqnon,7.501634791487161,-1.501875088069277,0
ID_DRe8u,5.6442175,-1.476692,1
ID_AdQD2,5.522029157551435,-1.253173560207164,0
ID_4pXRy,5.8915706,-1.3979986,1
ID_zUbKc,6.493132233348757,-3.146350801662751,0
ID_Q8Ht6,6.196802,-0.8831638,1
ID_LNDVD,6.305660410626389,-0.089270390736642,0
ID_Kchla,5.4768085,-1.5398791,1
ID_7X8ee,6.744974253952068,0.280949634400176,0
ID_kT3eB,6.2066336,-0.8760737,1
ID_wxAg0,6.346790597847491,-2.115532488430881,0
ID_27XdV,5.893345,-1.4154983,1
ID_GKTy3,9.297381071521585,-0.395907742717469,0
ID_vlun4,5.8921065,-1.3985376,1
ID_TUEp0,5.298138939609671,-2.513741179290767,0
ID_FZtA6,5.6511574,-1.4803928,1
ID_wO771,7.121660554870502,-2.149630148477864,0
ID_Tlvsd,6.195561,-0.8759992,1
ID_L7RdZ,5.954552213723138,0.006494987796943,0
ID_PwRSx,5.4688287,-1.5365173,1
ID_V0t1o,6.486379874053004,-0.678260004660217,0
ID_fj3Gw,5.4789248,-1.5402639,1
ID_oGzPi,6.172613688265022,-1.376264767329025,0
ID_eZdh3,5.4775095,-1.5386245,1
ID_2Ji40,10.959554152802331,-2.376000131514663,0
ID_wN9ZQ,6.203753,-0.88162863,1
ID_wGbej,7.112592748451192,-2.222568234536528,0
ID_ocpIX,6.1984167,-0.8771387,1
ID_C536I,10.960033867675852,-1.730150039950815,0
ID_mHXpi,5.8929877,-1.4151388,1
ID_fAl7k,6.924962359999247,-2.02015142656491,0
ID_bmiMK,6.2046003,-0.881421,1
ID_Yrt4l,10.645653245144176,-0.937661257652158,0
ID_uYL4H,5.6518,-1.4809208,1
ID_aEQkD,10.943452530894469,-1.109722608969103,0
ID_uaP17,5.4815845,-1.5368549,1
ID_K9Rzx,6.264400160619897,-1.369968383732197,0
ID_OsVfO,5.8893375,-1.4301339,1
ID_7dgNM,7.116346275434555,-2.977042471840629,0
ID_DJZlV,5.6414723,-1.4786483,1
ID_ORgvn,6.486541014758945,-1.904225630323527,0
ID_2KNbB,6.2071977,-0.877334,1
ID_mttsa,5.237958002590567,-1.278170967741754,0
ID_FmE9M,5.4718575,-1.5367506,1
ID_l85Da,6.953286492915224,-1.966656257946615,0
ID_bbh0f,5.6482844,-1.4857898,1
ID_Uliso,7.349906929889951,-1.806772839035422,0
ID_V82Kv,6.1971593,-0.88352317,1
ID_Ph5nd,6.95207473200252,-1.365460953531592,0
ID_tmKkf,5.8935237,-1.4156779,1
ID_kXpQN,7.222059233409522,0.432776680931124,0
ID_hB4Vm,5.659101,-1.4874934,1
ID_PTbme,7.465477446816638,-1.850096067783009,0
ID_9ur3Y,6.178451,-0.6608116,1
ID_hgGeo,11.077519639629331,-0.306674528494976,0
ID_VWL3V,5.6591625,-1.4810127,1
ID_y6bfD,5.680976916618923,-1.092859523047309,0
ID_Dw0av,5.6666055,-1.4891936,1
ID_JZaO2,10.887716092869928,-1.183751711644354,0
ID_Z74bH,5.4646225,-1.533334,1
ID_RUkJ1,6.603616406380406,-0.949417627691482,0
ID_PNws5,5.472037,-1.5369302,1
ID_gxwkt,9.796559777946934,-1.55573570320714,0
ID_bH5b7,5.650101,-1.489387,1
ID_LOCgK,6.370134332230303,-1.031641007078932,0
ID_wviSh,5.463817,-1.5334442,1
ID_oHmWH,9.249576257561165,-0.350542514364384,0
ID_QjUHS,5.468918,-1.5366071,1
ID_f2N5h,10.698427271847164,-1.174500279582565,0
ID_pMMf6,5.472126,-1.5370201,1
ID_1s8WW,6.846369018999954,-3.087503459793909,0
ID_GF0JT,5.8836627,-1.3984354,1
ID_QPhsR,9.789416824145205,-2.376043970666665,0
ID_rJ8F5,5.8883257,-1.4317626,1
ID_FdCyt,10.261981600019343,-2.15945570462141,0
ID_6OljD,5.4757757,-1.5398725,1
ID_fqabA,6.845933226493364,0.234584715222021,0
ID_8reUt,6.1983275,-0.87704885,1
ID_sVFn4,5.142678458886472,-2.398376862666543,0
ID_HSVGu,5.6667705,-1.4923489,1
ID_6sFq4,5.242726608900266,-2.269433281325999,0
ID_s3Yxy,5.884685,-1.3995461,1
ID_geoFx,10.864256095456428,-2.532723610422805,0
ID_AGtGm,5.8884153,-1.4318523,1
ID_bs3lR,5.488610294290217,-1.374634150045735,0
ID_4Ml5U,5.4799585,-1.5398676,1
ID_GKStE,9.098920843977576,-1.772764054331411,0
ID_KRMJs,5.660288,-1.4813375,1
ID_2vr4l,7.77765545233775,0.396948659950971,0
ID_Ol8y1,5.4814057,-1.5366752,1
ID_oeadY,6.230734333035534,-2.828001015733753,0
ID_KIpQI,5.6503034,-1.4821686,1
ID_d53J6,6.69034271910347,-0.791984791860094,0
ID_Hm2Ru,5.89277,-1.4046344,1
ID_nerB8,6.790065680602391,-0.906634923274074,0
ID_jP0Ax,5.8898497,-1.4195242,1
ID_yJJTO,5.748223117258179,-1.396447653254677,0
ID_XfOBb,6.178808,-0.6611709,1
ID_6ienr,10.68193765174021,-0.986422719994574,0
ID_cJl40,5.647101,-1.485166,1
ID_KS2Os,6.802116879250308,-1.018791580820751,0
ID_YvJXU,6.2065444,-0.8759839,1
ID_sjgfK,9.737827393228214,-2.057580256939342,0
ID_II6xU,5.656963,-1.4794946,1
ID_B03NS,7.533361727298598,-2.188808518886237,0
ID_sPoit,5.6680217,-1.4936066,1
ID_aotrx,6.401101518558338,-0.956165224456664,0
ID_R5g04,6.210878,-0.87681466,1
ID_wSg9i,6.451777473551581,0.460913221326082,0
ID_EPwGy,5.4796906,-1.5395982,1
ID_oaNew,6.493798620189652,-1.192820513792751,0
ID_mHl0B,5.650929,-1.4827974,1
ID_1uxEJ,8.669847376937192,-2.178959652083962,0
ID_lTUy9,5.4711967,-1.5385902,1
ID_KEQqE,7.864706749564776,0.539889906475575,0
ID_EiOx5,6.2092,-0.8907038,1
ID_TbzNz,6.355426035843925,-2.192756646416934,0
ID_S4TXe,5.652068,-1.4811903,1
ID_H2xNx,5.881755690360015,-2.992274310624725,0
ID_azc36,5.8934035,-1.4061675,1
ID_5CpAD,10.809562791141786,-1.483222917433289,0
ID_zCqev,6.204975,-0.88632715,1
ID_sV45e,5.263345689690301,-1.278756584059629,0
ID_QBKxa,5.655955,-1.489867,1
ID_KZeNH,6.979224411252106,-1.196994626963037,0
ID_Bfg2S,5.657798,-1.4845127,1
ID_TGBuM,5.617850683267041,-1.874396527885095,0
ID_QWyuy,6.205542,-0.7801966,1
ID_XBibl,10.433220389658446,-1.190535763044499,0
ID_EVken,6.1954126,-0.8747893,1
ID_PEL27,6.009514430632342,-1.2539459353417,0
ID_jAMbj,6.1794333,-0.6617997,1
ID_EfBWE,5.86491070841181,-0.775678350277867,0
ID_oVZxm,5.6664205,-1.48791,1
ID_5Cmoy,6.177349175911271,-1.359026964842985,0
ID_ENXWn,6.1954713,-0.8759094,1
ID_eXLLW,6.764480781911747,0.493073700966951,0
ID_tZNvD,5.6529536,-1.4897078,1
ID_EQvIu,5.786408685490898,-0.892611410194768,0
ID_tge8X,5.656784,-1.4793149,1
ID_54oFv,6.715433087511924,-2.706191273799022,0
ID_c9XK5,5.891063,-1.428471,1
ID_zTwev,5.77206229494423,-1.094993062371965,0
ID_ApnNn,5.6565156,-1.4790454,1
ID_4Y9E3,5.956702279385037,0.007491280642723,0
ID_EzoyH,5.8897934,-1.416556,1
ID_CI72v,5.738372105152155,-1.099535117011423,0
ID_99fIJ,5.6586976,-1.4878252,1
ID_Y4U3H,5.767134675823486,-2.012903493643424,0
ID_IINUz,6.2055163,-0.8764581,1
ID_PjAto,5.253681569830936,-2.603484981133136,0
ID_Den3Z,5.6442256,-1.4787325,1
ID_AcRj8,5.249103545603778,-1.271002973819265,0
ID_swfv5,5.663486,-1.4858799,1
ID_TV6R2,5.224823959499503,-2.096505323174372,0
ID_kOx2D,5.8950543,-1.3986502,1
ID_A02iz,6.835956042455856,-1.246453541107158,0
ID_rpWo0,5.891015,-1.3966774,1
ID_LfuEO,6.826527810850548,-1.220179553382542,0
ID_vhvA9,5.6566052,-1.4791352,1
ID_TKswV,10.424810211689326,-1.211653496268438,0
ID_kaqYK,5.6458154,-1.478077,1
ID_4P8kl,5.765305441862114,-1.322570647959684,0
ID_LA4zy,5.4690075,-1.536697,1
ID_DxlwT,7.322136034861749,0.46405885031144,0
ID_ob9rf,5.8899326,-1.4193758,1
ID_Ec8zd,7.099073015549119,-2.11926188568025,0
ID_XyyjZ,5.892838,-1.3990647,1
ID_PRLSl,5.651209647806078,-1.09524705292368,0
ID_ALR4u,5.8864193,-1.4298592,1
ID_F9L69,6.581892866326203,-0.307301290251292,0
ID_iCGVR,5.893527,-1.4151672,1
ID_Kwgu5,5.596052053821653,-1.808224310700645,0
ID_ncVua,6.2094674,-0.89097327,1
ID_PoPp2,6.811974937710042,-0.796623222141378,0
ID_JaOh7,5.6456366,-1.4778974,1
ID_FHUYf,6.956177906235625,-2.471699014450766,0
ID_VyWed,5.8885937,-1.432032,1
ID_1ilQX,6.711489665002218,-2.946032673065492,0
ID_gjBYH,5.649865,-1.4859536,1
ID_av1Sr,7.228927486695622,-1.732296021923079,0
ID_opded,5.894965,-1.3985603,1
ID_oDR31,6.321465191254672,-2.121190766948985,0
ID_9aHh9,5.6353683,-1.4960715,1
ID_A1yvn,6.784240302572362,0.507901979465521,0
ID_N2583,6.2076497,-0.8757689,1
ID_uNYFi,7.167507805343841,-2.580721436073067,0
ID_6EXWW,5.666681,-1.4922591,1
ID_N6MnP,5.830990597271928,-2.278891393286134,0
ID_LZy2M,6.203703,-0.87426007,1
ID_8n9Sk,10.37794835388689,-1.303735572506972,0
ID_v2IXu,5.6508894,-1.4801234,1
ID_IR8GF,6.561366072783074,-2.82982263377565,0
ID_Hrw5W,5.470577,-1.5379463,1
ID_123ls,9.186851577053654,-1.991480619338379,0
ID_uWvVY,5.6669955,-1.4935482,1
ID_12Rfl,5.604984640885796,-1.818800638185254,0
ID_ENWvq,5.4660635,-1.5326325,1
ID_hsmTL,6.348890855418686,-1.447279686674308,0
ID_4gWWt,6.203814,-0.8851594,1
ID_zHdMq,7.216973998329368,-2.379331064270813,0
ID_WDLlB,5.6570797,-1.4843489,1
ID_EKK5i,6.329323076658848,-0.043795506902435,0
ID_lSDQL,6.2043204,-0.8750678,1
ID_afOhG,6.349040330499353,-2.981875466398264,0
ID_ip8mH,5.649955,-1.4860433,1
ID_VQzfG,7.539321232668488,-1.518729866437625,0
ID_U3tpr,6.1958284,-0.8762687,1
ID_0HM7N,6.895059175744631,-1.126053959039489,0
ID_CLk1E,5.8884873,-1.428862,1
ID_NozJ3,6.908605091113153,-0.911815736251855,0
ID_Q5ibj,5.4765477,-1.5388463,1
ID_8Nuu1,6.805547849896153,-1.166877229789274,0
ID_EaTKI,6.203664,-0.8815388,1
ID_2bMTP,10.589715735990406,-0.297098421852339,0
ID_KLOG5,5.8900814,-1.4264958,1
ID_W31IQ,6.438591336302382,-0.469276085517075,0
ID_WG2DT,5.887508,-1.399771,1
ID_3IvHg,9.06808340145128,-1.546184990709527,0
ID_DSlPd,5.884596,-1.3994564,1
ID_GiaHv,10.667003331910074,-0.30681298434398,0
ID_qc2j0,5.6473694,-1.4854354,1
ID_Ijh8v,6.323721669243088,-0.045883022882465,0
ID_aq7ly,5.463907,-1.533534,1
ID_zSIWz,10.096710905688187,-0.76193615951831,0
ID_HGxbr,5.659061,-1.4769748,1
ID_ltn47,6.529037321070986,-0.535910685702018,0
ID_oZi75,5.4755073,-1.5396031,1
ID_rv3pQ,6.20249521157095,-0.218430113603305,0
ID_s3Om7,5.4752007,-1.5377244,1
ID_7NnBI,6.131021956888708,-2.782074723533173,0
ID_Xj97U,5.657708,-1.4844228,1
ID_wkwNL,6.353429483208351,-1.871932904509282,0
ID_rzzLe,5.481227,-1.5364954,1
ID_XiVg7,5.754201762681446,-2.377429990389793,0
ID_6T9FT,5.8888016,-1.429595,1
ID_Tj5eQ,9.458229999504562,-0.417799299547693,0
ID_5Ztjr,6.200063,-0.88311976,1
ID_78njQ,7.632158571311349,-0.270949218675542,0
ID_xCU9u,5.893434,-1.3980181,1
ID_C6gXV,10.831418729611164,-2.714420291295532,0
ID_KN8nA,5.895323,-1.3989196,1
ID_PfyOv,5.537164875683553,-1.878902228347081,0
ID_K6wkR,5.6679325,-1.4935168,1
ID_qS42r,10.794138031062047,-2.508029369131934,0
ID_4RPES,5.66002,-1.481068,1
ID_yjnVY,7.069500854850595,-2.218298896596533,0
ID_pEtTJ,6.207917,-0.8760384,1
ID_oyHeD,6.381499159906216,-1.135903454061488,0
ID_n3QSc,5.4753795,-1.537904,1
ID_Tfgp5,5.759474143853185,-0.915745919813325,0
ID_Nk8HO,5.891283,-1.3969468,1
ID_zI7vX,5.568506749387628,-1.834689350176198,0
ID_jDrBo,5.893166,-1.3977486,1
ID_M3nrw,6.258559497957776,-1.451990210264994,0
ID_dVHnt,5.655597,-1.4895076,1
ID_o1aqk,10.68272909960089,-1.182971199655928,0
ID_736Rh,5.8874187,-1.3996811,1
ID_hn8AT,5.505969207268996,-1.283551397942907,0
ID_gkoXj,5.8970275,-1.4008474,1
ID_eP9Jx,11.033789141493695,-0.298977938322089,0
ID_G4kU3,5.477345,-1.5404181,1
ID_ClOjW,5.990825147851162,-1.607427437263199,0
ID_xdVI2,5.6504602,-1.4889075,1
ID_j1apj,6.024089265163211,-1.697081752566299,0
ID_ZSJhF,5.892758,-1.4214039,1
ID_melA6,10.644638498408726,-0.287544216327188,0
ID_QgyxN,6.20381,-0.88085914,1
ID_9dTKa,5.921963886635406,0.046397282867147,0
ID_k9suG,5.6568284,-1.4950894,1
ID_xWuZA,10.872375362897891,-2.712730014312458,0
ID_MV29C,5.6523366,-1.4814599,1
ID_ITq0H,6.656717944562068,0.470950055817025,0
ID_0TdmL,5.892591,-1.4044546,1
ID_Gs6ok,5.872092110287371,-3.013725613200513,0
ID_rljfe,6.2081456,-0.87719506,1
ID_OPV94,6.44450854393572,-0.968324136293488,0
ID_w2aFk,6.2042565,-0.88130826,1
ID_BR30S,5.928699019694117,-2.417305537899817,0
ID_rO8yM,5.6542263,-1.4849199,1
ID_j4EQS,6.67528068903183,-1.281856698789708,0
ID_DINBi,5.649,-1.478379,1
ID_ZyHA6,5.945188248691087,-2.757814414454709,0
ID_lRR1m,5.6523175,-1.4905846,1
ID_ROAds,5.522323536285389,-1.2345571424233,0
ID_oNJYA,5.470073,-1.5376891,1
ID_5Wo5H,5.488113295162377,-2.74602908133561,0
ID_XzRsB,5.6446223,-1.4755409,1
ID_5I0gn,9.981589800870566,-2.031251797696604,0
ID_uYEon,5.663218,-1.4856105,1
ID_el7Qu,6.234297771665643,-2.34947023941897,0
ID_9gAto,5.6527095,-1.479847,1
ID_FIZ3Z,7.177014911117444,-1.48457211200355,0
ID_in1vD,5.657722,-1.4959877,1
ID_9BtwE,6.905179749170779,-0.924464175840889,0
ID_atuOz,5.4776316,-1.5423557,1
ID_Hvyrs,5.638645658215026,-1.102334890523186,0
ID_p0SBz,5.4726653,-1.5383267,1
ID_RKN8v,5.81393008279698,-0.861585614407296,0
ID_gy7sG,5.6535797,-1.4903367,1
ID_GO1Hp,6.819450995034518,-0.775717861548701,0
ID_vtP32,5.651729,-1.4907393,1
ID_Bt9ie,10.623021274612796,-1.32545288010113,0
ID_HgzQO,5.6566033,-1.4787028,1
ID_k0MmX,5.621880508991383,-1.102364605956094,0
ID_ysPww,5.891242,-1.4330804,1
ID_LFLaO,5.649007227135054,-2.403727804007538,0
ID_Wj0Sv,5.4699836,-1.5375992,1
ID_KQXKq,6.599791733581646,-3.073436650350645,0
ID_8nl0a,5.8883085,-1.4286823,1
ID_bZovp,7.293312544443434,0.007900364380509,0
ID_Kf4dm,5.896477,-1.4005133,1
ID_OvwEc,5.984590458677628,-1.708176991687824,0
ID_Urr8q,5.8895254,-1.4162866,1
ID_cVOqR,8.29110525700162,-1.648850983379263,0
ID_D3FNO,5.667175,-1.487325,1
ID_AzeBu,9.703930909799698,-1.692369648623923,0
ID_j3SpR,5.4640856,-1.5337137,1
ID_ULAuU,5.721515752019817,-1.112858251163078,0
ID_GDZby,6.2100544,-0.8786151,1
ID_I5Hwk,7.019002447244238,-1.440209958135761,0
ID_Enyy0,5.6590114,-1.4874035,1
ID_hN2p3,6.049017916370918,-1.870269803717092,0
ID_hU7Ph,5.889135,-1.4188055,1
ID_zmOXz,6.052186754684817,-1.463825504222514,0
ID_5Fgwz,5.8931355,-1.4058981,1
ID_4BkFP,5.513990124242036,-1.265874755056913,0
ID_PuKPo,5.4814296,-1.5388569,1
ID_XiuwM,6.485213574344123,-3.153260872592712,0
ID_deUSE,5.657527,-1.4847981,1
ID_1C4Kp,7.111270803441771,-1.018872351318369,0
ID_UIJOq,5.652902,-1.4798182,1
ID_z8ZFW,6.690405506285671,-0.973115531468719,0
ID_XDhXS,5.657633,-1.4958979,1
ID_AUD3i,6.197298925241269,0.007346902002496,0
ID_NGtiX,5.470839,-1.5382308,1
ID_sMd5d,6.02166848935579,-1.778567639179187,0
ID_yV6CN,5.479333,-1.5392388,1
ID_AS134,10.109288425607248,-0.655365023016243,0
ID_blclF,5.4698944,-1.5375093,1
ID_oBBDn,5.872248640923694,-1.090314709582975,0
ID_NnPUW,6.2054043,-0.8822295,1
ID_potgj,5.781532153822517,-2.302380590213757,0
ID_F1eFO,5.8919277,-1.398358,1
ID_GZjKt,9.08218098290626,-1.768335013912219,0
ID_Kz5mB,5.4735246,-1.5380927,1
ID_KKfmS,10.953362032361817,-2.296507647124786,0
ID_bKbNC,6.20419,-0.8820547,1
ID_kL43J,6.268354878831305,-1.216944339169919,0
ID_5RPZl,5.6675324,-1.4876844,1
ID_knCvx,5.70528566458923,-1.181075099518328,0
ID_fDT1X,5.6593294,-1.4772444,1
ID_VDBn3,6.998234597540374,-1.176539296480493,0
ID_RreLT,5.891481,-1.3979088,1
ID_ubxbn,7.856356920914689,0.620590498009311,0
ID_0DnEn,5.8866873,-1.4301287,1
ID_mXqG4,5.746944592996142,-1.56710651372899,0
ID_zuATg,5.659286,-1.4887128,1
ID_gdsDl,6.950543800786944,-2.019139834450033,0
ID_qwmUk,5.8972063,-1.4010271,1
ID_UwbvV,7.464966976597903,-1.437757597196849,0
ID_8obhr,5.662492,-1.4836344,1
ID_Eg1vC,5.219264907811314,-2.066126394452107,0
ID_0LDWU,5.893706,-1.4153469,1
ID_qUbUj,5.913835041182056,0.040415061903461,0
ID_eVb0v,5.8914146,-1.4148679,1
ID_4tBcs,6.680689457868781,-0.538911703008563,0
ID_hdoAg,5.8907714,-1.4144917,1
ID_LTMSY,6.338467051058697,-2.094958594897534,0
ID_I6SsL,5.884328,-1.3991868,1
ID_YDCxI,6.46509260509689,-0.494604226463479,0
ID_9ThsP,5.658793,-1.4767053,1
ID_PhuyR,5.407898696063026,-1.316052652931227,0
ID_vUcQK,5.8891163,-1.399911,1
ID_hUTWg,6.875021079884986,-2.689904445465914,0
ID_ZRytM,6.209965,-0.87852526,1
ID_MIsnQ,6.533397431226321,-3.185653217014079,0
ID_VFrxC,5.470928,-1.5383207,1
ID_SJrVr,10.060433032517032,-0.763855921515191,0
ID_eKiGb,5.8892484,-1.4300442,1
ID_rgsyg,9.84517867951362,-0.268095584590858,0
ID_NOUh5,5.464354,-1.5339832,1
ID_HKg05,5.639995354667588,-0.541831038110262,0
ID_h5isC,5.648911,-1.4782892,1
ID_DkM9T,9.645121934395563,-2.190508779541881,0
ID_to0dt,5.6666384,-1.4796373,1
ID_WAPzv,5.769701828255338,-0.913622182873817,0
ID_cI8Pu,5.479014,-1.5403537,1
ID_YRKpw,6.418007099923286,-3.077475613463234,0
ID_iZRwe,5.658966,-1.4880947,1
ID_jL7kQ,7.380570382236082,-2.093844260325538,0
ID_hsffx,5.464706,-1.5383772,1
ID_zQFRb,5.738618198086498,-2.64926214343873,0
ID_ikIct,5.889615,-1.4163764,1
ID_wckWe,10.939593017616849,-0.679198330826099,0
ID_6g1KE,6.2274933,-0.8166299,1
ID_h4tsX,6.712717211554021,-1.016951263637395,0
ID_6Dwyv,5.4716787,-1.5365709,1
ID_32Lo0,10.62553339337371,-1.316404204921539,0
ID_qYkui,5.6574717,-1.4792708,1
ID_HhcaA,7.025606163853666,-2.551639564575513,0
ID_pq0pT,5.8895454,-1.4259567,1
ID_wD8Ye,7.830237252302654,0.578352978544578,0
ID_Dts92,6.200472,-0.86737275,1
ID_uPHVq,6.266806919421016,-0.549159687474317,0
ID_Mx1em,5.480446,-1.5378687,1
ID_z7QHD,11.014682960305096,-0.19742686333427,0
ID_spXD7,6.195234,-0.87460965,1
ID_26uvP,5.78058349903376,-2.01318035387412,0
ID_Izcax,5.884288,-1.3990642,1
ID_2j67O,6.712936034485717,-0.998658971919232,0
ID_VO2HU,5.4717684,-1.5366608,1
ID_7CDFH,7.617519989351131,-2.572426297210829,0
ID_bk2ul,5.8966703,-1.400488,1
ID_heuYq,6.046328440510542,-2.768958000036184,0
ID_t24eA,5.6577783,-1.4951494,1
ID_Cq5oV,10.630877710973843,-1.504221569415543,0
ID_xOaO2,6.20411,-0.8819879,1
ID_a2KGk,6.893526995691734,-1.27745576963186,0
ID_BMcFa,5.6570964,-1.4953588,1
ID_qOktt,6.591305476078956,-0.270593445601571,0
ID_xXAd2,5.477534,-1.5376439,1
ID_so5S0,6.539746822247108,0.36951733329231,0
ID_v2xwc,5.897965,-1.3997023,1
ID_UNbvw,7.203417215676936,-1.039082974084616,0
ID_x5ibz,5.4768267,-1.5415472,1
ID_CJX8u,7.482146788377526,-1.466824712004765,0
ID_r9OJ1,5.8961463,-1.3992033,1
ID_uwOps,6.983890944086818,-1.983804525186702,0
ID_vDIsw,5.6364074,-1.4969885,1
ID_bFVYG,5.990055106658478,-2.0437592416312,0
ID_JvKCI,5.469805,-1.5374196,1
ID_wJNGe,6.392756210498913,-0.924568960245489,0
ID_r1yTn,5.667443,-1.4939973,1
ID_hNdHU,6.553734011386237,-0.513526189339973,0
ID_TXZQT,5.888771,-1.4182079,1
ID_AuKOV,6.480758604189965,-0.791323785165718,0
ID_Ftwx9,5.660271,-1.4879116,1
ID_KflGe,5.561194510508336,-2.684694555637962,0
ID_wD7QX,5.656223,-1.4901364,1
ID_p75y1,6.110576612724524,-0.05270660945436,0
ID_KEgnP,5.8878655,-1.4001303,1
ID_Im8Lv,7.196158998371792,0.365308144775637,0
ID_afb3b,5.65765,-1.4794505,1
ID_GO4ko,6.974927783397462,-1.411643286681087,0
ID_Jv1nV,5.635547,-1.4962511,1
ID_nou3W,7.655294371884515,0.387119911397113,0
ID_nv00V,5.464795,-1.5384669,1
ID_clIJB,10.562114610432548,-0.909234875955429,0
ID_tGvu6,5.6526203,-1.4797572,1
ID_FFHIH,8.73615642931132,-0.160273006123613,0
ID_N5INP,5.8908362,-1.3964977,1
ID_5CkV4,6.866753539708715,-1.309279786180553,0
ID_rRj3f,5.658882,-1.4767952,1
ID_XYuhD,6.106180202080223,-0.048971989546377,0
ID_ndRK1,5.634965,-1.4983313,1
ID_EJZf0,6.722858466171145,-2.050926752914256,0
ID_UKotG,5.4697156,-1.5373297,1
ID_H5Gnm,6.851476549785214,-2.610579700935204,0
ID_3g6YO,5.6575994,-1.4949696,1
ID_97gLp,7.284548036920419,-1.469970265202119,0
ID_NMasu,6.2036953,-0.874439,1
ID_kYhm9,10.638896063936617,-0.941079388291469,0
ID_PyQIU,5.8922124,-1.3984358,1
ID_nDMdL,5.853821329926149,-2.540657637758827,0
ID_J61i5,5.897697,-1.3994328,1
ID_2mOM9,7.867141882274303,0.404858816297831,0
ID_sv053,5.6631284,-1.4855206,1
ID_GufMv,5.643931233170522,-0.548228169802134,0
ID_2a9J0,5.4644437,-1.5331544,1
ID_JAxED,9.6520335976295,-2.091245778208361,0
ID_xUy63,5.634518,-1.4978821,1
ID_q4RaV,8.67031607252851,-2.164894422747686,0
ID_RVa91,5.659369,-1.4877628,1
ID_CqCLD,6.294780403692982,-0.078896054972948,0
ID_VJXvw,5.657454,-1.4957182,1
ID_SZVm6,5.630779711627634,-1.895418010322294,0
ID_2tj9V,5.4732146,-1.5375552,1
ID_c1Klf,5.646458021954825,-0.545705053625426,0
ID_XifGh,5.464265,-1.5329746,1
ID_L6WP8,5.430781327288586,-2.646719453036086,0
ID_zfW90,5.4782987,-1.5396351,1
ID_xjgjK,5.874110053665041,-0.79936118273097,0
ID_w5lD2,5.8906174,-1.4270347,1
ID_sNX6m,5.30896652086825,-1.876188375429108,0
ID_ovtVJ,5.643949,-1.4764224,1
ID_iSbE7,6.009364755690341,-1.662551557244137,0
ID_Vdb2Z,5.8885765,-1.4289517,1
ID_DO4f3,6.575045732137024,-1.991187710946973,0
ID_cyAUu,5.6665993,-1.4880898,1
ID_EMpIu,6.592469242955505,-0.299896992375063,0
ID_OLF6w,5.6677537,-1.4933372,1
ID_4N5jE,7.130743390477851,-2.2891790369988,0
ID_1oqit,5.4816737,-1.5369446,1
ID_ENBlq,5.952413951227649,-1.188488321501412,0
ID_S6fnh,5.893106,-1.3993341,1
ID_OFpV7,6.518436953788979,-1.91061000597789,0
ID_P4WYm,6.195758,-0.87521404,1
ID_zlFSU,10.3610900292496,-1.29472300725743,0
ID_l0Hst,5.8892055,-1.4000008,1
ID_uoAHs,9.082194537212525,-1.755002862211958,0
ID_MI8h7,5.889724,-1.4261365,1
ID_qMR83,7.071559029857399,-2.739608750180718,0
ID_nwwZK,5.6580973,-1.4798996,1
ID_en5pv,6.295876729524475,-1.059877349009019,0
ID_U70nD,5.473483,-1.5378247,1
ID_6B7xi,10.659801626768802,-0.326496219405449,0
ID_Cunga,5.888238,-1.4194169,1
ID_v3SRy,5.514518316436624,-2.426656321927374,0
ID_CQqZh,5.667085,-1.4800864,1
ID_HYXmy,6.085841483666877,-1.309639102982365,0
ID_M6CWx,5.6658483,-1.4872451,1
ID_CbKrc,6.694161659979984,0.497693008116291,0
ID_rvCbX,5.6601987,-1.4812477,1
ID_iGkX7,6.03099723038093,-1.899754385068191,0
ID_X6PZ8,5.6569905,-1.484259,1
ID_c1pXM,7.386626123469681,-1.851353220473502,0
ID_DdtL0,5.6505494,-1.4889972,1
ID_plCvj,5.33482897045138,-1.410679861746658,0
ID_NybAc,5.4647646,-1.5355021,1
ID_m4fyB,10.9561168234099,-1.992172546656747,0
ID_hN3ot,5.6576886,-1.4950595,1
ID_RQi3q,10.42006300887738,-2.274164056437174,0
ID_xxJj4,5.8922997,-1.4148703,1
ID_jhVFz,9.950856630423068,-0.412802498328228,0
ID_IEh7u,6.2093782,-0.89088345,1
ID_lJbsC,7.075956928936579,-1.818035450948183,0
ID_LZwpz,5.6498566,-1.4817194,1
ID_BYqBT,5.649517759501429,-2.391172399953952,0
ID_zTyG6,5.890837,-1.4160014,1
ID_TxjR0,10.88309747860762,-1.562335119119142,0
ID_hOS3E,5.4754686,-1.5379938,1
ID_z1iuy,6.414349554411513,-1.429274647262329,0
ID_IQLQm,5.478567,-1.5399045,1
ID_MATWs,7.093648866718839,-1.670989768957677,0
ID_K1oLr,5.8967595,-1.4005779,1
ID_D6n7d,10.61977032419822,-1.32209987310984,0
ID_bVvCK,6.1788974,-0.6612608,1
ID_udSq7,5.703961103685725,-1.175563615093508,0
ID_QsAeh,5.894785,-1.4009703,1
ID_mQyD7,6.649468967299705,-0.429296651619028,0
ID_WbYXr,5.895948,-1.3995484,1
ID_Lv3HV,7.015634247694761,-1.443920116591001,0
ID_Kp5XT,5.6447115,-1.4756308,1
ID_2c9o6,6.365906979241868,-1.436049300137022,0
ID_FGSJL,5.8888907,-1.4296848,1
ID_TsNrK,6.516072859998973,-0.66459798600477,0
ID_NudVn,5.666907,-1.4870555,1
ID_vBXZz,5.537819408347964,-2.341717300618705,0
ID_x2eOw,6.2056947,-0.87663776,1
ID_8uWJl,6.299033841064955,-0.069351215556504,0
ID_evfly,5.8929567,-1.4057183,1
ID_f8WIo,10.67652925897201,-1.180108641573544,0
ID_aXxUJ,5.657829,-1.4796301,1
ID_uvHkn,5.937451432881701,-0.022977225951092,0
ID_y3P2K,5.65952,-1.481372,1
ID_WZQBW,5.234732800101976,-2.456509559638935,0
ID_6JmWK,5.896745,-1.4007827,1
ID_78uzZ,6.255169429911551,-2.287880308270899,0
ID_mzSqO,5.6588387,-1.4882636,1
ID_IzicQ,9.676518792970864,-2.19101015320196,0
ID_PuNd7,6.2047963,-0.8861475,1
ID_pFyH6,6.916400494585218,-3.104963526433699,0
ID_of5tA,5.893613,-1.4157677,1
ID_7W4RU,7.181537922855822,-1.452336780148526,0
ID_6h7kw,5.4733043,-1.5376451,1
ID_w0YZf,10.419747083137434,-1.231471441372998,0
ID_qtEBe,5.8948746,-1.4010602,1
ID_cS245,4.902927902924027,-2.033555607565331,0
ID_P84pW,5.6662416,-1.4877304,1
ID_R68Ln,5.430528921686591,-0.721063594171153,0
ID_o3oKW,6.1976953,-0.8840621,1
ID_KvR3U,5.541187822379674,-1.880356746444956,0
ID_9F93I,6.204261,-0.8856085,1
ID_oEZcu,9.782888914089416,-2.402783228521247,0
ID_KbcjZ,6.199617,-0.88267064,1
ID_ZofdZ,8.827492947670772,-1.795487020699594,0
ID_Ge5hN,5.4673405,-1.5383685,1
ID_gAg3y,6.256426082739139,-2.309669371847204,0
ID_HdUI2,5.4643483,-1.5380177,1
ID_sdVKv,7.082235295067771,-1.604473635760738,0
ID_bRDlH,6.199974,-0.88302994,1
ID_JPT7a,7.273206135638217,-1.466693426478577,0
ID_PbYXU,5.466421,-1.5329918,1
ID_jOmuU,5.941317993802005,-2.538802424240443,0
ID_7dyrL,5.4659743,-1.5325426,1
ID_RP1Py,6.834622739346292,-2.679844441789314,0
ID_3uAS7,5.6412406,-1.4792522,1
ID_26xeP,5.417476284332795,-0.724874895484238,0
ID_AK1P9,6.201454,-0.8683609,1
ID_6txCh,6.195036305137559,-0.908707905947773,0
ID_cZQCZ,5.657887,-1.4846025,1
ID_Hr8YK,7.23588858016798,0.397714073804237,0
ID_AihmR,5.8884907,-1.4007591,1
ID_n77eR,5.954565833478915,-2.423072460029919,0
ID_YDfXW,6.1923585,-0.8749383,1
ID_Py2q3,6.488963035320277,-1.058806267522831,0
ID_mEr44,5.889972,-1.4167358,1
ID_urmOU,5.116600196884773,-2.023870368044472,0
ID_FfTma,5.6589837,-1.480833,1
ID_FEHZa,10.801052906391387,-2.483897846156383,0
ID_BgHx2,5.667131,-1.4795061,1
ID_v8x57,5.68618093792849,-2.894926442216238,0
ID_txU3x,5.6662807,-1.479278,1
ID_2aXpC,6.326965069862573,-0.057078681729718,0
ID_Guknf,5.6669226,-1.4939903,1
ID_7faui,6.011548602282917,-1.28084110435987,0
ID_bpJyz,5.653958,-1.4846504,1
ID_6Zn98,8.215231231456299,-1.703293471163517,0
ID_uCpde,5.464972,-1.535385,1
ID_Hjwic,9.434196446839298,-0.378784123688336,0
ID_qlWxC,5.634697,-1.4980619,1
ID_RHMYW,5.610134402165102,-1.737175902508333,0
ID_nMftX,5.651068,-1.480303,1
ID_6aOeE,7.073659585671298,-1.588835497945229,0
ID_olfxo,5.647727,-1.4857948,1
ID_yQYsr,5.865323645412077,-2.631709998508905,0
ID_1Jh7c,5.6588764,-1.4880048,1
ID_xifq5,10.932382792356094,-1.097228165281527,0
ID_OvCVp,5.659431,-1.4812822,1
ID_bY0E4,6.737146570369526,-0.724658933145683,0
ID_j8daa,5.8916826,-1.4151374,1
ID_KRybb,10.829794813501335,-1.461741222223002,0
ID_mfxUj,6.2269573,-0.81609094,1
ID_9gOZ7,9.952955649341584,-2.033266687348517,0
ID_HmUnG,5.667264,-1.4938177,1
ID_urQVr,6.450195537744976,-2.184321952040153,0
ID_BMuCz,5.659375,-1.4888026,1
ID_3JSIw,6.922409476497034,-1.33460346693862,0
ID_7rKan,5.651908,-1.490919,1
ID_Stjpr,5.463373856081925,-1.333804199588875,0
ID_ehpmP,5.660361,-1.4880015,1
ID_Jxfvk,5.688045239580507,-1.776265251498827,0
ID_Cuti8,6.203435,-0.8739906,1
ID_qa8JP,5.122922849452134,-2.157593914279814,0
ID_WhRNR,5.8956733,-1.3997047,1
ID_yL2On,7.257400837190074,0.419516083854005,0
ID_aR2ur,5.8882227,-1.4004897,1
ID_kpuYj,5.995063229250412,-1.716747669816199,0
ID_Cu63P,5.889224,-1.4188954,1
ID_Z7vzO,5.243877598408226,-1.278642598486178,0
ID_KE2oP,5.4729466,-1.5372857,1
ID_bRl5D,6.851026840038169,-3.061906019372712,0
ID_vgzNC,6.2032566,-0.87381095,1
ID_lhLsU,5.674782264847034,-2.386960663584686,0
ID_t3oHN,5.892389,-1.4149601,1
ID_bn7pD,5.748408576862575,-1.377256687822488,0
ID_yESfW,5.6449213,-1.4771787,1
ID_55bHp,6.621632185296926,0.469820865512613,0
ID_c7dTZ,5.6555076,-1.4894178,1
ID_fRkWH,8.868232470387762,-0.039057613563744,0
ID_UPpq1,5.4639964,-1.5336238,1
ID_fV3qG,6.212304810480064,-0.987590513218652,0
ID_yX76x,5.6491294,-1.4859339,1
ID_E8buu,6.026608718323099,-1.770032253656929,0
ID_RX5cc,5.648285,-1.4776604,1
ID_7odH4,5.555210431726525,-1.900091978254504,0
ID_dJTLy,5.470252,-1.5378687,1
ID_1NHVC,6.490114081339661,-1.041863346070214,0
ID_20k7d,5.8870444,-1.430488,1
ID_2mlOs,5.580655885555596,-1.07615202698543,0
ID_wWZes,5.892123,-1.398346,1
ID_L0od0,6.805562021960782,-1.146709116871652,0
ID_LH7cY,5.6561337,-1.4900466,1
ID_M1a9S,6.362877585132513,-1.02831010468891,0
ID_65nQ2,5.4779806,-1.5380931,1
ID_VpKIb,6.456326570632886,-3.207890890748919,0
ID_4KTrq,5.666996,-1.4799967,1
ID_QERrZ,11.0752513868624,-0.321001467209048,0
ID_SjAd4,5.8968463,-1.3997064,1
ID_UxmDb,6.924198745634402,-1.327922731571608,0
ID_AQf32,5.4761114,-1.5408286,1
ID_YrAO1,6.782404171394348,-2.814242057867356,0
ID_4VOUl,5.8894925,-1.4191648,1
ID_c7hwt,10.931254097502812,-1.752207195402723,0
ID_Vvf6F,6.201186,-0.8680914,1
ID_sF4dr,6.014856835936407,-1.669628391401924,0
ID_HUW4W,5.476201,-1.5409184,1
ID_4v5S3,5.119658016946723,-2.025279358129831,0
ID_H0wwQ,6.211235,-0.87717396,1
ID_TyFXk,11.022971712259594,-0.298548321308828,0
ID_bKIfB,5.6558557,-1.4829284,1
ID_NDLkt,5.430096544824547,-0.72674670346103,0
ID_beldL,5.891063,-1.4329008,1
ID_VSNUk,6.249938562725983,-1.572226599256518,0
ID_jVR4M,5.4726624,-1.537559,1
ID_1DPRn,9.819469614853016,-2.399016534747509,0
ID_vj8Xg,5.88402,-1.3987948,1
ID_m0y4v,7.847997943004249,0.529526489914666,0
ID_W6FqM,5.890528,-1.426945,1
ID_y9dge,6.508590251681498,0.347912415977379,0
ID_umiKE,5.46856,-1.5362478,1
ID_xP3wB,6.848768325884553,-1.016955061305485,0
ID_HGkTf,6.207555,-0.87769336,1
ID_ue8b0,5.908294654546627,0.039650505482861,0
ID_MWOCd,6.208575,-0.89007497,1
ID_7G2Ht,5.626846935872164,-1.872147126740452,0
ID_zc7cY,5.8901176,-1.4197936,1
ID_XdIyr,9.112254199068804,-1.789403842685974,0
ID_TOaoh,5.6490574,-1.4857407,1
ID_fZ2J2,8.739591906539252,-0.204620197941777,0
ID_DpwgO,6.209787,-0.8783456,1
ID_kvlPc,7.660807067150545,0.399830477836213,0
ID_91STc,5.479422,-1.5393287,1
ID_XfVSh,5.692552172688765,-0.53627185091908,0
ID_r3dXT,5.8902006,-1.4196452,1
ID_6Qv2M,6.169164957615994,-2.79180715793466,0
ID_1XMr0,6.2099466,-0.87693834,1
ID_q0wIA,6.533640962769776,-3.212003814656069,0
ID_8UUO8,5.464443,-1.534073,1
ID_6SB3n,5.312940512483812,-1.484605265152742,0
ID_Iq316,5.4723945,-1.5372896,1
ID_6XrjV,6.409154024119324,-3.016646810798024,0
ID_uP4pr,5.887329,-1.3995913,1
ID_992R5,6.838579490677033,-2.625141590569647,0
ID_bAAFj,5.662581,-1.4837242,1
ID_vFebt,5.438855250314534,-2.222098141437465,0
ID_PU8FE,5.8905034,-1.4142221,1
ID_om8fJ,10.972425657706316,-2.014437669138354,0
ID_qtWzr,5.8932557,-1.4154084,1
ID_dCzvx,5.642243698063799,-0.543045497228905,0
ID_ZqFKD,5.643779,-1.4782833,1
ID_ccMiy,6.143974999058725,-0.6195926784823,0
ID_B4bMX,6.203721,-0.8807693,1
ID_UWJ4e,6.373938703846655,-0.948479438183049,0
ID_BdPqo,5.6565137,-1.478613,1
ID_UZuzf,6.897774399817498,-1.288202784496846,0
ID_HyXKS,5.656901,-1.4841692,1
ID_KCxw6,10.800650325190714,-2.476678178614587,0
ID_Tr2o7,5.65751,-1.4948798,1
ID_FHRWH,6.620197502564622,-1.929375629404514,0
ID_Ppee6,5.893795,-1.4154366,1
ID_OcE4y,6.512938868910774,0.350830973610928,0
ID_3uz0z,5.6531324,-1.4898875,1
ID_bgFsy,6.15634080556331,-1.310539821367289,0
ID_tnFpP,5.63596,-1.4965394,1
ID_8Jb5f,10.529026134508207,-1.815234171945481,0
ID_vw8X3,5.464883,-1.5352952,1
ID_Og5bw,7.185586512325754,-2.3695723680763,0
ID_9kEqW,5.6415086,-1.4795216,1
ID_QRE4v,8.54789650311117,-2.325746293653942,0
ID_dH0EI,5.8949637,-1.4011501,1
ID_H9rOZ,5.6676216,-1.4877741,1
ID_HarW2,5.891331,-1.4287405,1
ID_1fEkD,6.2282076,-0.81734854,1
ID_nxZDo,5.658972,-1.476885,1
ID_ziU5t,5.889704,-1.4164662,1
ID_SVHzr,5.475865,-1.5399624,1
ID_x0dcJ,5.657616,-1.4848878,1
ID_gVlMF,5.4723973,-1.5380573,1
ID_dMivp,6.2076993,-0.87674594,1
ID_2oFmr,5.6501336,-1.4862231,1
